This is pdfTeX, Version 3.141592653-2.6-1.40.26 (TeX Live 2025/dev/Debian) (preloaded format=pdflatex 2025.9.20)  18 SEP 2026 10:49
entering extended mode
 restricted \write18 enabled.
 file:line:error style messages enabled.
 %&-line parsing enabled.
**/home/tiago/Bureau/BAB/latex/Algebre1/main.tex
(/home/tiago/Bureau/BAB/latex/Algebre1/main.tex
LaTeX2e <2024-11-01> patch level 2
L3 programming layer <2025-01-18>
(/usr/share/texlive/texmf-dist/tex/latex/base/report.cls
Document Class: report 2024/06/29 v1.4n Standard LaTeX document class
(/usr/share/texlive/texmf-dist/tex/latex/base/size12.clo
File: size12.clo 2024/06/29 v1.4n Standard LaTeX file (size option)
)
\c@part=\count196
\c@chapter=\count197
\c@section=\count198
\c@subsection=\count199
\c@subsubsection=\count266
\c@paragraph=\count267
\c@subparagraph=\count268
\c@figure=\count269
\c@table=\count270
\abovecaptionskip=\skip49
\belowcaptionskip=\skip50
\bibindent=\dimen141
) (./preambule.tex (/usr/share/texlive/texmf-dist/tex/latex/base/inputenc.sty
Package: inputenc 2024/02/08 v1.3d Input encoding file
\inpenc@prehook=\toks17
\inpenc@posthook=\toks18
) (/usr/share/texlive/texmf-dist/tex/latex/base/fontenc.sty
Package: fontenc 2021/04/29 v2.0v Standard LaTeX package
) (/usr/share/texlive/texmf-dist/tex/generic/babel/babel.sty
Package: babel 2025/02/14 v25.4 The multilingual framework for pdfLaTeX, LuaLaTeX and XeLaTeX
\babel@savecnt=\count271
\U@D=\dimen142
\l@unhyphenated=\language90
 (/usr/share/texlive/texmf-dist/tex/generic/babel/txtbabel.def)
\bbl@readstream=\read2
\bbl@dirlevel=\count272
 (/usr/share/texlive/texmf-dist/tex/generic/babel-french/french.ldf
Language: french 2024-07-25 v3.6c French support from the babel system
Package babel Info: Hyphen rules for 'acadian' set to \l@french
(babel)             (\language4). Reported on input line 91.
Package babel Info: Hyphen rules for 'canadien' set to \l@french
(babel)             (\language4). Reported on input line 92.
\FB@stdchar=\count273
Package babel Info: Making : an active character on input line 421.
Package babel Info: Making ; an active character on input line 422.
Package babel Info: Making ! an active character on input line 423.
Package babel Info: Making ? an active character on input line 424.
\FBguill@level=\count274
\FBold@everypar=\toks19
\FB@Mht=\dimen143
\mc@charclass=\count275
\mc@charfam=\count276
\mc@charslot=\count277
\std@mcc=\count278
\dec@mcc=\count279
\FB@parskip=\dimen144
\listindentFB=\dimen145
\descindentFB=\dimen146
\labelindentFB=\dimen147
\labelwidthFB=\dimen148
\leftmarginFB=\dimen149
\parindentFFN=\dimen150
\FBfnindent=\dimen151
)) (/usr/share/texlive/texmf-dist/tex/generic/babel/locale/fr/babel-french.tex
Package babel Info: Importing font and identification data for french
(babel)             from babel-fr.ini. Reported on input line 11.
) (/usr/share/texlive/texmf-dist/tex/latex/carlisle/scalefnt.sty) (/usr/share/texlive/texmf-dist/tex/latex/mathtools/mathtools.sty
Package: mathtools 2024/10/04 v1.31 mathematical typesetting tools
 (/usr/share/texlive/texmf-dist/tex/latex/graphics/keyval.sty
Package: keyval 2022/05/29 v1.15 key=value parser (DPC)
\KV@toks@=\toks20
) (/usr/share/texlive/texmf-dist/tex/latex/tools/calc.sty
Package: calc 2023/07/08 v4.3 Infix arithmetic (KKT,FJ)
\calc@Acount=\count280
\calc@Bcount=\count281
\calc@Adimen=\dimen152
\calc@Bdimen=\dimen153
\calc@Askip=\skip51
\calc@Bskip=\skip52
LaTeX Info: Redefining \setlength on input line 80.
LaTeX Info: Redefining \addtolength on input line 81.
\calc@Ccount=\count282
\calc@Cskip=\skip53
) (/usr/share/texlive/texmf-dist/tex/latex/mathtools/mhsetup.sty
Package: mhsetup 2021/03/18 v1.4 programming setup (MH)
) (/usr/share/texlive/texmf-dist/tex/latex/amsmath/amsmath.sty
Package: amsmath 2024/11/05 v2.17t AMS math features
\@mathmargin=\skip54

For additional information on amsmath, use the `?' option.
(/usr/share/texlive/texmf-dist/tex/latex/amsmath/amstext.sty
Package: amstext 2021/08/26 v2.01 AMS text
 (/usr/share/texlive/texmf-dist/tex/latex/amsmath/amsgen.sty
File: amsgen.sty 1999/11/30 v2.0 generic functions
\@emptytoks=\toks21
\ex@=\dimen154
)) (/usr/share/texlive/texmf-dist/tex/latex/amsmath/amsbsy.sty
Package: amsbsy 1999/11/29 v1.2d Bold Symbols
\pmbraise@=\dimen155
) (/usr/share/texlive/texmf-dist/tex/latex/amsmath/amsopn.sty
Package: amsopn 2022/04/08 v2.04 operator names
)
\inf@bad=\count283
LaTeX Info: Redefining \frac on input line 233.
\uproot@=\count284
\leftroot@=\count285
LaTeX Info: Redefining \overline on input line 398.
LaTeX Info: Redefining \colon on input line 409.
\classnum@=\count286
\DOTSCASE@=\count287
LaTeX Info: Redefining \ldots on input line 495.
LaTeX Info: Redefining \dots on input line 498.
LaTeX Info: Redefining \cdots on input line 619.
\Mathstrutbox@=\box52
\strutbox@=\box53
LaTeX Info: Redefining \big on input line 721.
LaTeX Info: Redefining \Big on input line 722.
LaTeX Info: Redefining \bigg on input line 723.
LaTeX Info: Redefining \Bigg on input line 724.
\big@size=\dimen156
LaTeX Font Info:    Redeclaring font encoding OML on input line 742.
LaTeX Font Info:    Redeclaring font encoding OMS on input line 743.
\macc@depth=\count288
LaTeX Info: Redefining \bmod on input line 904.
LaTeX Info: Redefining \pmod on input line 909.
LaTeX Info: Redefining \smash on input line 939.
LaTeX Info: Redefining \relbar on input line 969.
LaTeX Info: Redefining \Relbar on input line 970.
\c@MaxMatrixCols=\count289
\dotsspace@=\muskip17
\c@parentequation=\count290
\dspbrk@lvl=\count291
\tag@help=\toks22
\row@=\count292
\column@=\count293
\maxfields@=\count294
\andhelp@=\toks23
\eqnshift@=\dimen157
\alignsep@=\dimen158
\tagshift@=\dimen159
\tagwidth@=\dimen160
\totwidth@=\dimen161
\lineht@=\dimen162
\@envbody=\toks24
\multlinegap=\skip55
\multlinetaggap=\skip56
\mathdisplay@stack=\toks25
LaTeX Info: Redefining \[ on input line 2953.
LaTeX Info: Redefining \] on input line 2954.
)
\g_MT_multlinerow_int=\count295
\l_MT_multwidth_dim=\dimen163
\origjot=\skip57
\l_MT_shortvdotswithinadjustabove_dim=\dimen164
\l_MT_shortvdotswithinadjustbelow_dim=\dimen165
\l_MT_above_intertext_sep=\dimen166
\l_MT_below_intertext_sep=\dimen167
\l_MT_above_shortintertext_sep=\dimen168
\l_MT_below_shortintertext_sep=\dimen169
\xmathstrut@box=\box54
\xmathstrut@dim=\dimen170
) (/usr/share/texlive/texmf-dist/tex/latex/amsfonts/amsfonts.sty
Package: amsfonts 2013/01/14 v3.01 Basic AMSFonts support
\symAMSa=\mathgroup4
\symAMSb=\mathgroup5
LaTeX Font Info:    Redeclaring math symbol \hbar on input line 98.
LaTeX Font Info:    Overwriting math alphabet `\mathfrak' in version `bold'
(Font)                  U/euf/m/n --> U/euf/b/n on input line 106.
) (/usr/share/texlive/texmf-dist/tex/latex/amsfonts/amssymb.sty
Package: amssymb 2013/01/14 v3.01 AMS font symbols
) (/usr/share/texlive/texmf-dist/tex/latex/amscls/amsthm.sty
Package: amsthm 2020/05/29 v2.20.6
\thm@style=\toks26
\thm@bodyfont=\toks27
\thm@headfont=\toks28
\thm@notefont=\toks29
\thm@headpunct=\toks30
\thm@preskip=\skip58
\thm@postskip=\skip59
\thm@headsep=\skip60
\dth@everypar=\toks31
) (/usr/share/texlive/texmf-dist/tex/latex/jknapltx/mathrsfs.sty
Package: mathrsfs 1996/01/01 Math RSFS package v1.0 (jk)
\symrsfs=\mathgroup6
) (/usr/share/texlive/texmf-dist/tex/latex/graphics/graphicx.sty
Package: graphicx 2021/09/16 v1.2d Enhanced LaTeX Graphics (DPC,SPQR)
 (/usr/share/texlive/texmf-dist/tex/latex/graphics/graphics.sty
Package: graphics 2024/08/06 v1.4g Standard LaTeX Graphics (DPC,SPQR)
 (/usr/share/texlive/texmf-dist/tex/latex/graphics/trig.sty
Package: trig 2023/12/02 v1.11 sin cos tan (DPC)
) (/usr/share/texlive/texmf-dist/tex/latex/graphics-cfg/graphics.cfg
File: graphics.cfg 2016/06/04 v1.11 sample graphics configuration
)
Package graphics Info: Driver file: pdftex.def on input line 106.
 (/usr/share/texlive/texmf-dist/tex/latex/graphics-def/pdftex.def
File: pdftex.def 2024/04/13 v1.2c Graphics/color driver for pdftex
))
\Gin@req@height=\dimen171
\Gin@req@width=\dimen172
) (/usr/share/texlive/texmf-dist/tex/latex/xcolor/xcolor.sty
Package: xcolor 2024/09/29 v3.02 LaTeX color extensions (UK)
 (/usr/share/texlive/texmf-dist/tex/latex/graphics-cfg/color.cfg
File: color.cfg 2016/01/02 v1.6 sample color configuration
)
Package xcolor Info: Driver file: pdftex.def on input line 274.
 (/usr/share/texlive/texmf-dist/tex/latex/graphics/mathcolor.ltx)
Package xcolor Info: Model `cmy' substituted by `cmy0' on input line 1349.
Package xcolor Info: Model `hsb' substituted by `rgb' on input line 1353.
Package xcolor Info: Model `RGB' extended on input line 1365.
Package xcolor Info: Model `HTML' substituted by `rgb' on input line 1367.
Package xcolor Info: Model `Hsb' substituted by `hsb' on input line 1368.
Package xcolor Info: Model `tHsb' substituted by `hsb' on input line 1369.
Package xcolor Info: Model `HSB' substituted by `hsb' on input line 1370.
Package xcolor Info: Model `Gray' substituted by `gray' on input line 1371.
Package xcolor Info: Model `wave' substituted by `hsb' on input line 1372.
) (/usr/share/texlive/texmf-dist/tex/latex/graphics/dvipsnam.def
File: dvipsnam.def 2016/06/17 v3.0m Driver-dependent file (DPC,SPQR)
) (/usr/share/texlive/texmf-dist/tex/latex/pgf/frontendlayer/tikz.sty (/usr/share/texlive/texmf-dist/tex/latex/pgf/basiclayer/pgf.sty (/usr/share/texlive/texmf-dist/tex/latex/pgf/utilities/pgfrcs.sty (/usr/share/texlive/texmf-dist/tex/generic/pgf/utilities/pgfutil-common.tex
\pgfutil@everybye=\toks32
\pgfutil@tempdima=\dimen173
\pgfutil@tempdimb=\dimen174
) (/usr/share/texlive/texmf-dist/tex/generic/pgf/utilities/pgfutil-latex.def
\pgfutil@abb=\box55
) (/usr/share/texlive/texmf-dist/tex/generic/pgf/utilities/pgfrcs.code.tex (/usr/share/texlive/texmf-dist/tex/generic/pgf/pgf.revision.tex)
Package: pgfrcs 2023-01-15 v3.1.10 (3.1.10)
))
Package: pgf 2023-01-15 v3.1.10 (3.1.10)
 (/usr/share/texlive/texmf-dist/tex/latex/pgf/basiclayer/pgfcore.sty (/usr/share/texlive/texmf-dist/tex/latex/pgf/systemlayer/pgfsys.sty (/usr/share/texlive/texmf-dist/tex/generic/pgf/systemlayer/pgfsys.code.tex
Package: pgfsys 2023-01-15 v3.1.10 (3.1.10)
 (/usr/share/texlive/texmf-dist/tex/generic/pgf/utilities/pgfkeys.code.tex
\pgfkeys@pathtoks=\toks33
\pgfkeys@temptoks=\toks34
 (/usr/share/texlive/texmf-dist/tex/generic/pgf/utilities/pgfkeyslibraryfiltered.code.tex
\pgfkeys@tmptoks=\toks35
))
\pgf@x=\dimen175
\pgf@y=\dimen176
\pgf@xa=\dimen177
\pgf@ya=\dimen178
\pgf@xb=\dimen179
\pgf@yb=\dimen180
\pgf@xc=\dimen181
\pgf@yc=\dimen182
\pgf@xd=\dimen183
\pgf@yd=\dimen184
\w@pgf@writea=\write3
\r@pgf@reada=\read3
\c@pgf@counta=\count296
\c@pgf@countb=\count297
\c@pgf@countc=\count298
\c@pgf@countd=\count299
\t@pgf@toka=\toks36
\t@pgf@tokb=\toks37
\t@pgf@tokc=\toks38
\pgf@sys@id@count=\count300
 (/usr/share/texlive/texmf-dist/tex/generic/pgf/systemlayer/pgf.cfg
File: pgf.cfg 2023-01-15 v3.1.10 (3.1.10)
)
Driver file for pgf: pgfsys-pdftex.def
 (/usr/share/texlive/texmf-dist/tex/generic/pgf/systemlayer/pgfsys-pdftex.def
File: pgfsys-pdftex.def 2023-01-15 v3.1.10 (3.1.10)
 (/usr/share/texlive/texmf-dist/tex/generic/pgf/systemlayer/pgfsys-common-pdf.def
File: pgfsys-common-pdf.def 2023-01-15 v3.1.10 (3.1.10)
))) (/usr/share/texlive/texmf-dist/tex/generic/pgf/systemlayer/pgfsyssoftpath.code.tex
File: pgfsyssoftpath.code.tex 2023-01-15 v3.1.10 (3.1.10)
\pgfsyssoftpath@smallbuffer@items=\count301
\pgfsyssoftpath@bigbuffer@items=\count302
) (/usr/share/texlive/texmf-dist/tex/generic/pgf/systemlayer/pgfsysprotocol.code.tex
File: pgfsysprotocol.code.tex 2023-01-15 v3.1.10 (3.1.10)
)) (/usr/share/texlive/texmf-dist/tex/generic/pgf/basiclayer/pgfcore.code.tex
Package: pgfcore 2023-01-15 v3.1.10 (3.1.10)
 (/usr/share/texlive/texmf-dist/tex/generic/pgf/math/pgfmath.code.tex (/usr/share/texlive/texmf-dist/tex/generic/pgf/math/pgfmathutil.code.tex) (/usr/share/texlive/texmf-dist/tex/generic/pgf/math/pgfmathparser.code.tex
\pgfmath@dimen=\dimen185
\pgfmath@count=\count303
\pgfmath@box=\box56
\pgfmath@toks=\toks39
\pgfmath@stack@operand=\toks40
\pgfmath@stack@operation=\toks41
) (/usr/share/texlive/texmf-dist/tex/generic/pgf/math/pgfmathfunctions.code.tex) (/usr/share/texlive/texmf-dist/tex/generic/pgf/math/pgfmathfunctions.basic.code.tex) (/usr/share/texlive/texmf-dist/tex/generic/pgf/math/pgfmathfunctions.trigonometric.code.tex) (/usr/share/texlive/texmf-dist/tex/generic/pgf/math/pgfmathfunctions.random.code.tex) (/usr/share/texlive/texmf-dist/tex/generic/pgf/math/pgfmathfunctions.comparison.code.tex) (/usr/share/texlive/texmf-dist/tex/generic/pgf/math/pgfmathfunctions.base.code.tex) (/usr/share/texlive/texmf-dist/tex/generic/pgf/math/pgfmathfunctions.round.code.tex) (/usr/share/texlive/texmf-dist/tex/generic/pgf/math/pgfmathfunctions.misc.code.tex) (/usr/share/texlive/texmf-dist/tex/generic/pgf/math/pgfmathfunctions.integerarithmetics.code.tex) (/usr/share/texlive/texmf-dist/tex/generic/pgf/math/pgfmathcalc.code.tex) (/usr/share/texlive/texmf-dist/tex/generic/pgf/math/pgfmathfloat.code.tex
\c@pgfmathroundto@lastzeros=\count304
)) (/usr/share/texlive/texmf-dist/tex/generic/pgf/math/pgfint.code.tex) (/usr/share/texlive/texmf-dist/tex/generic/pgf/basiclayer/pgfcorepoints.code.tex
File: pgfcorepoints.code.tex 2023-01-15 v3.1.10 (3.1.10)
\pgf@picminx=\dimen186
\pgf@picmaxx=\dimen187
\pgf@picminy=\dimen188
\pgf@picmaxy=\dimen189
\pgf@pathminx=\dimen190
\pgf@pathmaxx=\dimen191
\pgf@pathminy=\dimen192
\pgf@pathmaxy=\dimen193
\pgf@xx=\dimen194
\pgf@xy=\dimen195
\pgf@yx=\dimen196
\pgf@yy=\dimen197
\pgf@zx=\dimen198
\pgf@zy=\dimen199
) (/usr/share/texlive/texmf-dist/tex/generic/pgf/basiclayer/pgfcorepathconstruct.code.tex
File: pgfcorepathconstruct.code.tex 2023-01-15 v3.1.10 (3.1.10)
\pgf@path@lastx=\dimen256
\pgf@path@lasty=\dimen257
) (/usr/share/texlive/texmf-dist/tex/generic/pgf/basiclayer/pgfcorepathusage.code.tex
File: pgfcorepathusage.code.tex 2023-01-15 v3.1.10 (3.1.10)
\pgf@shorten@end@additional=\dimen258
\pgf@shorten@start@additional=\dimen259
) (/usr/share/texlive/texmf-dist/tex/generic/pgf/basiclayer/pgfcorescopes.code.tex
File: pgfcorescopes.code.tex 2023-01-15 v3.1.10 (3.1.10)
\pgfpic=\box57
\pgf@hbox=\box58
\pgf@layerbox@main=\box59
\pgf@picture@serial@count=\count305
) (/usr/share/texlive/texmf-dist/tex/generic/pgf/basiclayer/pgfcoregraphicstate.code.tex
File: pgfcoregraphicstate.code.tex 2023-01-15 v3.1.10 (3.1.10)
\pgflinewidth=\dimen260
) (/usr/share/texlive/texmf-dist/tex/generic/pgf/basiclayer/pgfcoretransformations.code.tex
File: pgfcoretransformations.code.tex 2023-01-15 v3.1.10 (3.1.10)
\pgf@pt@x=\dimen261
\pgf@pt@y=\dimen262
\pgf@pt@temp=\dimen263
) (/usr/share/texlive/texmf-dist/tex/generic/pgf/basiclayer/pgfcorequick.code.tex
File: pgfcorequick.code.tex 2023-01-15 v3.1.10 (3.1.10)
) (/usr/share/texlive/texmf-dist/tex/generic/pgf/basiclayer/pgfcoreobjects.code.tex
File: pgfcoreobjects.code.tex 2023-01-15 v3.1.10 (3.1.10)
) (/usr/share/texlive/texmf-dist/tex/generic/pgf/basiclayer/pgfcorepathprocessing.code.tex
File: pgfcorepathprocessing.code.tex 2023-01-15 v3.1.10 (3.1.10)
) (/usr/share/texlive/texmf-dist/tex/generic/pgf/basiclayer/pgfcorearrows.code.tex
File: pgfcorearrows.code.tex 2023-01-15 v3.1.10 (3.1.10)
\pgfarrowsep=\dimen264
) (/usr/share/texlive/texmf-dist/tex/generic/pgf/basiclayer/pgfcoreshade.code.tex
File: pgfcoreshade.code.tex 2023-01-15 v3.1.10 (3.1.10)
\pgf@max=\dimen265
\pgf@sys@shading@range@num=\count306
\pgf@shadingcount=\count307
) (/usr/share/texlive/texmf-dist/tex/generic/pgf/basiclayer/pgfcoreimage.code.tex
File: pgfcoreimage.code.tex 2023-01-15 v3.1.10 (3.1.10)
) (/usr/share/texlive/texmf-dist/tex/generic/pgf/basiclayer/pgfcoreexternal.code.tex
File: pgfcoreexternal.code.tex 2023-01-15 v3.1.10 (3.1.10)
\pgfexternal@startupbox=\box60
) (/usr/share/texlive/texmf-dist/tex/generic/pgf/basiclayer/pgfcorelayers.code.tex
File: pgfcorelayers.code.tex 2023-01-15 v3.1.10 (3.1.10)
) (/usr/share/texlive/texmf-dist/tex/generic/pgf/basiclayer/pgfcoretransparency.code.tex
File: pgfcoretransparency.code.tex 2023-01-15 v3.1.10 (3.1.10)
) (/usr/share/texlive/texmf-dist/tex/generic/pgf/basiclayer/pgfcorepatterns.code.tex
File: pgfcorepatterns.code.tex 2023-01-15 v3.1.10 (3.1.10)
) (/usr/share/texlive/texmf-dist/tex/generic/pgf/basiclayer/pgfcorerdf.code.tex
File: pgfcorerdf.code.tex 2023-01-15 v3.1.10 (3.1.10)
))) (/usr/share/texlive/texmf-dist/tex/generic/pgf/modules/pgfmoduleshapes.code.tex
File: pgfmoduleshapes.code.tex 2023-01-15 v3.1.10 (3.1.10)
\pgfnodeparttextbox=\box61
) (/usr/share/texlive/texmf-dist/tex/generic/pgf/modules/pgfmoduleplot.code.tex
File: pgfmoduleplot.code.tex 2023-01-15 v3.1.10 (3.1.10)
) (/usr/share/texlive/texmf-dist/tex/latex/pgf/compatibility/pgfcomp-version-0-65.sty
Package: pgfcomp-version-0-65 2023-01-15 v3.1.10 (3.1.10)
\pgf@nodesepstart=\dimen266
\pgf@nodesepend=\dimen267
) (/usr/share/texlive/texmf-dist/tex/latex/pgf/compatibility/pgfcomp-version-1-18.sty
Package: pgfcomp-version-1-18 2023-01-15 v3.1.10 (3.1.10)
)) (/usr/share/texlive/texmf-dist/tex/latex/pgf/utilities/pgffor.sty (/usr/share/texlive/texmf-dist/tex/latex/pgf/utilities/pgfkeys.sty (/usr/share/texlive/texmf-dist/tex/generic/pgf/utilities/pgfkeys.code.tex)) (/usr/share/texlive/texmf-dist/tex/latex/pgf/math/pgfmath.sty (/usr/share/texlive/texmf-dist/tex/generic/pgf/math/pgfmath.code.tex)) (/usr/share/texlive/texmf-dist/tex/generic/pgf/utilities/pgffor.code.tex
Package: pgffor 2023-01-15 v3.1.10 (3.1.10)
\pgffor@iter=\dimen268
\pgffor@skip=\dimen269
\pgffor@stack=\toks42
\pgffor@toks=\toks43
)) (/usr/share/texlive/texmf-dist/tex/generic/pgf/frontendlayer/tikz/tikz.code.tex
Package: tikz 2023-01-15 v3.1.10 (3.1.10)
 (/usr/share/texlive/texmf-dist/tex/generic/pgf/libraries/pgflibraryplothandlers.code.tex
File: pgflibraryplothandlers.code.tex 2023-01-15 v3.1.10 (3.1.10)
\pgf@plot@mark@count=\count308
\pgfplotmarksize=\dimen270
)
\tikz@lastx=\dimen271
\tikz@lasty=\dimen272
\tikz@lastxsaved=\dimen273
\tikz@lastysaved=\dimen274
\tikz@lastmovetox=\dimen275
\tikz@lastmovetoy=\dimen276
\tikzleveldistance=\dimen277
\tikzsiblingdistance=\dimen278
\tikz@figbox=\box62
\tikz@figbox@bg=\box63
\tikz@tempbox=\box64
\tikz@tempbox@bg=\box65
\tikztreelevel=\count309
\tikznumberofchildren=\count310
\tikznumberofcurrentchild=\count311
\tikz@fig@count=\count312
 (/usr/share/texlive/texmf-dist/tex/generic/pgf/modules/pgfmodulematrix.code.tex
File: pgfmodulematrix.code.tex 2023-01-15 v3.1.10 (3.1.10)
\pgfmatrixcurrentrow=\count313
\pgfmatrixcurrentcolumn=\count314
\pgf@matrix@numberofcolumns=\count315
)
\tikz@expandcount=\count316
 (/usr/share/texlive/texmf-dist/tex/generic/pgf/frontendlayer/tikz/libraries/tikzlibrarytopaths.code.tex
File: tikzlibrarytopaths.code.tex 2023-01-15 v3.1.10 (3.1.10)
))) (/usr/share/texlive/texmf-dist/tex/latex/tikz-cd/tikz-cd.sty
Package: tikz-cd 2021/05/04 v1.0 Commutative diagrams with TikZ
 (/usr/share/texlive/texmf-dist/tex/generic/tikz-cd/tikzlibrarycd.code.tex (/usr/share/texlive/texmf-dist/tex/generic/pgf/frontendlayer/tikz/libraries/tikzlibrarymatrix.code.tex
File: tikzlibrarymatrix.code.tex 2023-01-15 v3.1.10 (3.1.10)
) (/usr/share/texlive/texmf-dist/tex/generic/pgf/frontendlayer/tikz/libraries/tikzlibraryquotes.code.tex
File: tikzlibraryquotes.code.tex 2023-01-15 v3.1.10 (3.1.10)
) (/usr/share/texlive/texmf-dist/tex/generic/pgf/libraries/pgflibraryarrows.meta.code.tex
File: pgflibraryarrows.meta.code.tex 2023-01-15 v3.1.10 (3.1.10)
\pgfarrowinset=\dimen279
\pgfarrowlength=\dimen280
\pgfarrowwidth=\dimen281
\pgfarrowlinewidth=\dimen282
))) (/usr/share/texlive/texmf-dist/tex/generic/pgf/frontendlayer/tikz/libraries/tikzlibrarycalc.code.tex
File: tikzlibrarycalc.code.tex 2023-01-15 v3.1.10 (3.1.10)
) (/usr/share/texlive/texmf-dist/tex/latex/geometry/geometry.sty
Package: geometry 2020/01/02 v5.9 Page Geometry
 (/usr/share/texlive/texmf-dist/tex/generic/iftex/ifvtex.sty
Package: ifvtex 2019/10/25 v1.7 ifvtex legacy package. Use iftex instead.
 (/usr/share/texlive/texmf-dist/tex/generic/iftex/iftex.sty
Package: iftex 2024/12/12 v1.0g TeX engine tests
))
\Gm@cnth=\count317
\Gm@cntv=\count318
\c@Gm@tempcnt=\count319
\Gm@bindingoffset=\dimen283
\Gm@wd@mp=\dimen284
\Gm@odd@mp=\dimen285
\Gm@even@mp=\dimen286
\Gm@layoutwidth=\dimen287
\Gm@layoutheight=\dimen288
\Gm@layouthoffset=\dimen289
\Gm@layoutvoffset=\dimen290
\Gm@dimlist=\toks44
) (/usr/share/texlive/texmf-dist/tex/latex/fancyhdr/fancyhdr.sty
Package: fancyhdr 2025/02/07 v5.2 Extensive control of page headers and footers
\f@nch@headwidth=\skip61
\f@nch@offset@elh=\skip62
\f@nch@offset@erh=\skip63
\f@nch@offset@olh=\skip64
\f@nch@offset@orh=\skip65
\f@nch@offset@elf=\skip66
\f@nch@offset@erf=\skip67
\f@nch@offset@olf=\skip68
\f@nch@offset@orf=\skip69
\f@nch@height=\skip70
\f@nch@footalignment=\skip71
\f@nch@widthL=\skip72
\f@nch@widthC=\skip73
\f@nch@widthR=\skip74
\@temptokenb=\toks45
) (/usr/share/texlive/texmf-dist/tex/latex/titlesec/titlesec.sty
Package: titlesec 2025/01/04 v2.17 Sectioning titles
\ttl@box=\box66
\beforetitleunit=\skip75
\aftertitleunit=\skip76
\ttl@plus=\dimen291
\ttl@minus=\dimen292
\ttl@toksa=\toks46
\titlewidth=\dimen293
\titlewidthlast=\dimen294
\titlewidthfirst=\dimen295
) (/usr/share/texlive/texmf-dist/tex/latex/setspace/setspace.sty
Package: setspace 2022/12/04 v6.7b set line spacing
) (/usr/share/texlive/texmf-dist/tex/latex/titling/titling.sty
Package: titling 2009/09/04 v2.1d maketitle typesetting
\thanksmarkwidth=\skip77
\thanksmargin=\skip78
\droptitle=\skip79
) (/usr/share/texlive/texmf-dist/tex/latex/base/textcomp.sty
Package: textcomp 2024/04/24 v2.1b Standard LaTeX package
) (/usr/share/texlive/texmf-dist/tex/generic/soul/soul.sty
Package: soul 2023-06-14 v3.1 Permit use of UTF-8 characters in soul (HO)
 (/usr/share/texlive/texmf-dist/tex/generic/soul/soul-ori.sty
Package: soul-ori 2023-06-14 v3.1 letterspacing/underlining (mf)
\SOUL@word=\toks47
\SOUL@lasttoken=\toks48
\SOUL@syllable=\toks49
\SOUL@cmds=\toks50
\SOUL@buffer=\toks51
\SOUL@token=\toks52
\SOUL@syllgoal=\dimen296
\SOUL@syllwidth=\dimen297
\SOUL@charkern=\dimen298
\SOUL@hyphkern=\dimen299
\SOUL@dimen=\dimen300
\SOUL@dimeni=\dimen301
\SOUL@minus=\count320
\SOUL@comma=\count321
\SOUL@apo=\count322
\SOUL@grave=\count323
\SOUL@spaceskip=\skip80
\SOUL@ttwidth=\dimen302
\SOUL@uldp=\dimen303
\SOUL@ulht=\dimen304
) (/usr/share/texlive/texmf-dist/tex/generic/infwarerr/infwarerr.sty
Package: infwarerr 2019/12/03 v1.5 Providing info/warning/error messages (HO)
) (/usr/share/texlive/texmf-dist/tex/generic/etexcmds/etexcmds.sty
Package: etexcmds 2019/12/15 v1.7 Avoid name clashes with e-TeX commands (HO)
)) (/usr/share/texlive/texmf-dist/tex/latex/mdframed/mdframed.sty
Package: mdframed 2013/07/01 1.9b: mdframed
 (/usr/share/texlive/texmf-dist/tex/latex/kvoptions/kvoptions.sty
Package: kvoptions 2022-06-15 v3.15 Key value format for package options (HO)
 (/usr/share/texlive/texmf-dist/tex/generic/ltxcmds/ltxcmds.sty
Package: ltxcmds 2023-12-04 v1.26 LaTeX kernel commands for general use (HO)
) (/usr/share/texlive/texmf-dist/tex/latex/kvsetkeys/kvsetkeys.sty
Package: kvsetkeys 2022-10-05 v1.19 Key value parser (HO)
)) (/usr/share/texlive/texmf-dist/tex/latex/l3packages/xparse/xparse.sty (/usr/share/texlive/texmf-dist/tex/latex/l3kernel/expl3.sty
Package: expl3 2025-01-18 L3 programming layer (loader) 
 (/usr/share/texlive/texmf-dist/tex/latex/l3backend/l3backend-pdftex.def
File: l3backend-pdftex.def 2024-05-08 L3 backend support: PDF output (pdfTeX)
\l__color_backend_stack_int=\count324
\l__pdf_internal_box=\box67
))
Package: xparse 2024-08-16 L3 Experimental document command parser
) (/usr/share/texlive/texmf-dist/tex/latex/etoolbox/etoolbox.sty
Package: etoolbox 2025/02/11 v2.5l e-TeX tools for LaTeX (JAW)
\etb@tempcnta=\count325
) (/usr/share/texlive/texmf-dist/tex/latex/zref/zref-abspage.sty
Package: zref-abspage 2023-09-14 v2.35 Module abspage for zref (HO)
 (/usr/share/texlive/texmf-dist/tex/latex/zref/zref-base.sty
Package: zref-base 2023-09-14 v2.35 Module base for zref (HO)
 (/usr/share/texlive/texmf-dist/tex/generic/kvdefinekeys/kvdefinekeys.sty
Package: kvdefinekeys 2019-12-19 v1.6 Define keys (HO)
) (/usr/share/texlive/texmf-dist/tex/generic/pdftexcmds/pdftexcmds.sty
Package: pdftexcmds 2020-06-27 v0.33 Utility functions of pdfTeX for LuaTeX (HO)
Package pdftexcmds Info: \pdf@primitive is available.
Package pdftexcmds Info: \pdf@ifprimitive is available.
Package pdftexcmds Info: \pdfdraftmode found.
) (/usr/share/texlive/texmf-dist/tex/latex/auxhook/auxhook.sty
Package: auxhook 2019-12-17 v1.6 Hooks for auxiliary files (HO)
)
Package zref Info: New property list: main on input line 767.
Package zref Info: New property: default on input line 768.
Package zref Info: New property: page on input line 769.
)
\c@abspage=\count326
Package zref Info: New property: abspage on input line 67.
) (/usr/share/texlive/texmf-dist/tex/latex/needspace/needspace.sty
Package: needspace 2010/09/12 v1.3d reserve vertical space
)
\mdf@templength=\skip81
\c@mdf@globalstyle@cnt=\count327
\mdf@skipabove@length=\skip82
\mdf@skipbelow@length=\skip83
\mdf@leftmargin@length=\skip84
\mdf@rightmargin@length=\skip85
\mdf@innerleftmargin@length=\skip86
\mdf@innerrightmargin@length=\skip87
\mdf@innertopmargin@length=\skip88
\mdf@innerbottommargin@length=\skip89
\mdf@splittopskip@length=\skip90
\mdf@splitbottomskip@length=\skip91
\mdf@outermargin@length=\skip92
\mdf@innermargin@length=\skip93
\mdf@linewidth@length=\skip94
\mdf@innerlinewidth@length=\skip95
\mdf@middlelinewidth@length=\skip96
\mdf@outerlinewidth@length=\skip97
\mdf@roundcorner@length=\skip98
\mdf@footenotedistance@length=\skip99
\mdf@userdefinedwidth@length=\skip100
\mdf@needspace@length=\skip101
\mdf@frametitleaboveskip@length=\skip102
\mdf@frametitlebelowskip@length=\skip103
\mdf@frametitlerulewidth@length=\skip104
\mdf@frametitleleftmargin@length=\skip105
\mdf@frametitlerightmargin@length=\skip106
\mdf@shadowsize@length=\skip107
\mdf@extratopheight@length=\skip108
\mdf@subtitleabovelinewidth@length=\skip109
\mdf@subtitlebelowlinewidth@length=\skip110
\mdf@subtitleaboveskip@length=\skip111
\mdf@subtitlebelowskip@length=\skip112
\mdf@subtitleinneraboveskip@length=\skip113
\mdf@subtitleinnerbelowskip@length=\skip114
\mdf@subsubtitleabovelinewidth@length=\skip115
\mdf@subsubtitlebelowlinewidth@length=\skip116
\mdf@subsubtitleaboveskip@length=\skip117
\mdf@subsubtitlebelowskip@length=\skip118
\mdf@subsubtitleinneraboveskip@length=\skip119
\mdf@subsubtitleinnerbelowskip@length=\skip120
 (/usr/share/texlive/texmf-dist/tex/latex/mdframed/md-frame-0.mdf
File: md-frame-0.mdf 2013/07/01\ 1.9b: md-frame-0
)
\mdf@frametitlebox=\box68
\mdf@footnotebox=\box69
\mdf@splitbox@one=\box70
\mdf@splitbox@two=\box71
\mdf@splitbox@save=\box72
\mdfsplitboxwidth=\skip121
\mdfsplitboxtotalwidth=\skip122
\mdfsplitboxheight=\skip123
\mdfsplitboxdepth=\skip124
\mdfsplitboxtotalheight=\skip125
\mdfframetitleboxwidth=\skip126
\mdfframetitleboxtotalwidth=\skip127
\mdfframetitleboxheight=\skip128
\mdfframetitleboxdepth=\skip129
\mdfframetitleboxtotalheight=\skip130
\mdffootnoteboxwidth=\skip131
\mdffootnoteboxtotalwidth=\skip132
\mdffootnoteboxheight=\skip133
\mdffootnoteboxdepth=\skip134
\mdffootnoteboxtotalheight=\skip135
\mdftotallinewidth=\skip136
\mdfboundingboxwidth=\skip137
\mdfboundingboxtotalwidth=\skip138
\mdfboundingboxheight=\skip139
\mdfboundingboxdepth=\skip140
\mdfboundingboxtotalheight=\skip141
\mdf@freevspace@length=\skip142
\mdf@horizontalwidthofbox@length=\skip143
\mdf@verticalmarginwhole@length=\skip144
\mdf@horizontalspaceofbox=\skip145
\mdfsubtitleheight=\skip146
\mdfsubsubtitleheight=\skip147
\c@mdfcountframes=\count328

****** mdframed patching \endmdf@trivlist

****** -- success******

\mdf@envdepth=\count329
\c@mdf@env@i=\count330
\c@mdf@env@ii=\count331
\c@mdf@zref@counter=\count332
Package zref Info: New property: mdf@pagevalue on input line 895.
) (/usr/share/texlive/texmf-dist/tex/latex/tcolorbox/tcolorbox.sty
Package: tcolorbox 2024/10/22 version 6.4.1 text color boxes
 (/usr/share/texlive/texmf-dist/tex/latex/tools/verbatim.sty
Package: verbatim 2024-01-22 v1.5x LaTeX2e package for verbatim enhancements
\every@verbatim=\toks53
\verbatim@line=\toks54
\verbatim@in@stream=\read4
) (/usr/share/texlive/texmf-dist/tex/latex/environ/environ.sty
Package: environ 2014/05/04 v0.3 A new way to define environments
 (/usr/share/texlive/texmf-dist/tex/latex/trimspaces/trimspaces.sty
Package: trimspaces 2009/09/17 v1.1 Trim spaces around a token list
))
\tcb@titlebox=\box73
\tcb@upperbox=\box74
\tcb@lowerbox=\box75
\tcb@phantombox=\box76
\c@tcbbreakpart=\count333
\c@tcblayer=\count334
\c@tcolorbox@number=\count335
\l__tcobox_tmpa_box=\box77
\l__tcobox_tmpa_dim=\dimen305
\tcb@temp=\box78
\tcb@temp=\box79
\tcb@temp=\box80
\tcb@temp=\box81
) (/usr/share/texlive/texmf-dist/tex/latex/enumitem/enumitem.sty
Package: enumitem 2025/02/06 v3.11 Customized lists
\labelindent=\skip148
\enit@outerparindent=\dimen306
\enit@toks=\toks55
\enit@inbox=\box82
\enit@count@id=\count336
\enitdp@description=\count337
)
\c@enumv=\count338
\c@enumvi=\count339
\c@enumvii=\count340
\c@enumviii=\count341
\c@enumix=\count342
 (/usr/share/texlive/texmf-dist/tex/latex/hyperref/hyperref.sty
Package: hyperref 2024-11-05 v7.01l Hypertext links for LaTeX
 (/usr/share/texlive/texmf-dist/tex/generic/pdfescape/pdfescape.sty
Package: pdfescape 2019/12/09 v1.15 Implements pdfTeX's escape features (HO)
) (/usr/share/texlive/texmf-dist/tex/latex/hycolor/hycolor.sty
Package: hycolor 2020-01-27 v1.10 Color options for hyperref/bookmark (HO)
) (/usr/share/texlive/texmf-dist/tex/latex/hyperref/nameref.sty
Package: nameref 2023-11-26 v2.56 Cross-referencing by name of section
 (/usr/share/texlive/texmf-dist/tex/latex/refcount/refcount.sty
Package: refcount 2019/12/15 v3.6 Data extraction from label references (HO)
) (/usr/share/texlive/texmf-dist/tex/generic/gettitlestring/gettitlestring.sty
Package: gettitlestring 2019/12/15 v1.6 Cleanup title references (HO)
)
\c@section@level=\count343
) (/usr/share/texlive/texmf-dist/tex/generic/stringenc/stringenc.sty
Package: stringenc 2019/11/29 v1.12 Convert strings between diff. encodings (HO)
)
\@linkdim=\dimen307
\Hy@linkcounter=\count344
\Hy@pagecounter=\count345
 (/usr/share/texlive/texmf-dist/tex/latex/hyperref/pd1enc.def
File: pd1enc.def 2024-11-05 v7.01l Hyperref: PDFDocEncoding definition (HO)
Now handling font encoding PD1 ...
... no UTF-8 mapping file for font encoding PD1
) (/usr/share/texlive/texmf-dist/tex/generic/intcalc/intcalc.sty
Package: intcalc 2019/12/15 v1.3 Expandable calculations with integers (HO)
)
\Hy@SavedSpaceFactor=\count346
 (/usr/share/texlive/texmf-dist/tex/latex/hyperref/puenc.def
File: puenc.def 2024-11-05 v7.01l Hyperref: PDF Unicode definition (HO)
Now handling font encoding PU ...
... no UTF-8 mapping file for font encoding PU
)
Package hyperref Info: Option `colorlinks' set `true' on input line 4040.
Package hyperref Info: Option `bookmarks' set `true' on input line 4040.
Package hyperref Info: Option `bookmarksnumbered' set `true' on input line 4040.
Package hyperref Info: Hyper figures OFF on input line 4157.
Package hyperref Info: Link nesting OFF on input line 4162.
Package hyperref Info: Hyper index ON on input line 4165.
Package hyperref Info: Plain pages OFF on input line 4172.
Package hyperref Info: Backreferencing OFF on input line 4177.
Package hyperref Info: Implicit mode ON; LaTeX internals redefined.
Package hyperref Info: Bookmarks ON on input line 4424.
\c@Hy@tempcnt=\count347
 (/usr/share/texlive/texmf-dist/tex/latex/url/url.sty
\Urlmuskip=\muskip18
Package: url 2013/09/16  ver 3.4  Verb mode for urls, etc.
)
LaTeX Info: Redefining \url on input line 4763.
\XeTeXLinkMargin=\dimen308
 (/usr/share/texlive/texmf-dist/tex/generic/bitset/bitset.sty
Package: bitset 2019/12/09 v1.3 Handle bit-vector datatype (HO)
 (/usr/share/texlive/texmf-dist/tex/generic/bigintcalc/bigintcalc.sty
Package: bigintcalc 2019/12/15 v1.5 Expandable calculations on big integers (HO)
))
\Fld@menulength=\count348
\Field@Width=\dimen309
\Fld@charsize=\dimen310
Package hyperref Info: Hyper figures OFF on input line 6042.
Package hyperref Info: Link nesting OFF on input line 6047.
Package hyperref Info: Hyper index ON on input line 6050.
Package hyperref Info: backreferencing OFF on input line 6057.
Package hyperref Info: Link coloring ON on input line 6060.
Package hyperref Info: Link coloring with OCG OFF on input line 6067.
Package hyperref Info: PDF/A mode OFF on input line 6072.
 (/usr/share/texlive/texmf-dist/tex/latex/base/atbegshi-ltx.sty
Package: atbegshi-ltx 2021/01/10 v1.0c Emulation of the original atbegshi
package with kernel methods
)
\Hy@abspage=\count349
\c@Item=\count350
\c@Hfootnote=\count351
)
Package hyperref Info: Driver (autodetected): hpdftex.
 (/usr/share/texlive/texmf-dist/tex/latex/hyperref/hpdftex.def
File: hpdftex.def 2024-11-05 v7.01l Hyperref driver for pdfTeX
 (/usr/share/texlive/texmf-dist/tex/latex/base/atveryend-ltx.sty
Package: atveryend-ltx 2020/08/19 v1.0a Emulation of the original atveryend package
with kernel methods
)
\HyAnn@Count=\count352
\Fld@listcount=\count353
\c@bookmark@seq@number=\count354
 (/usr/share/texlive/texmf-dist/tex/latex/rerunfilecheck/rerunfilecheck.sty
Package: rerunfilecheck 2022-07-10 v1.10 Rerun checks for auxiliary files (HO)
 (/usr/share/texlive/texmf-dist/tex/generic/uniquecounter/uniquecounter.sty
Package: uniquecounter 2019/12/15 v1.4 Provide unlimited unique counter (HO)
)
Package uniquecounter Info: New unique counter `rerunfilecheck' on input line 285.
)
\Hy@SectionHShift=\skip149
)
(/usr/share/texlive/texmf-dist/tex/latex/fouriernc/fouriernc.sty
Package: fouriernc 2005/12/20 1.0 fouriernc package
 (/usr/share/texlive/texmf-dist/tex/latex/fourier/fourier.sty
Package: fourier 2024/09/08 2.4 fourier-GUTenberg package
Now handling font encoding FML ...
... no UTF-8 mapping file for font encoding FML
Now handling font encoding FMS ...
... no UTF-8 mapping file for font encoding FMS
Now handling font encoding FMX ...
... no UTF-8 mapping file for font encoding FMX
 (/usr/share/texlive/texmf-dist/tex/latex/base/fontenc.sty
Package: fontenc 2021/04/29 v2.0v Standard LaTeX package
LaTeX Font Info:    Trying to load font information for T1+futs on input line 116.
 (/usr/share/texlive/texmf-dist/tex/latex/fourier/t1futs.fd
File: t1futs.fd 2004/03/02 Fontinst v1.926 font definitions for T1/futs.
)) (/usr/share/texlive/texmf-dist/tex/latex/fourier/fourier-orns.sty
Package: fourier-orns 2024/09/08 2.4 fourier-ornaments package
)
LaTeX Font Info:    Redeclaring symbol font `operators' on input line 64.
LaTeX Font Info:    Encoding `OT1' has changed to `T1' for symbol font
(Font)              `operators' in the math version `normal' on input line 64.
LaTeX Font Info:    Overwriting symbol font `operators' in version `normal'
(Font)                  OT1/cmr/m/n --> T1/futs/m/n on input line 64.
LaTeX Font Info:    Encoding `OT1' has changed to `T1' for symbol font
(Font)              `operators' in the math version `bold' on input line 64.
LaTeX Font Info:    Overwriting symbol font `operators' in version `bold'
(Font)                  OT1/cmr/bx/n --> T1/futs/m/n on input line 64.
LaTeX Font Info:    Overwriting symbol font `operators' in version `bold'
(Font)                  T1/futs/m/n --> T1/futs/b/n on input line 65.
LaTeX Font Info:    Redeclaring symbol font `letters' on input line 73.
LaTeX Font Info:    Encoding `OML' has changed to `FML' for symbol font
(Font)              `letters' in the math version `normal' on input line 73.
LaTeX Font Info:    Overwriting symbol font `letters' in version `normal'
(Font)                  OML/cmm/m/it --> FML/futmi/m/it on input line 73.
LaTeX Font Info:    Encoding `OML' has changed to `FML' for symbol font
(Font)              `letters' in the math version `bold' on input line 73.
LaTeX Font Info:    Overwriting symbol font `letters' in version `bold'
(Font)                  OML/cmm/b/it --> FML/futmi/m/it on input line 73.
\symotherletters=\mathgroup7
LaTeX Font Info:    Overwriting symbol font `letters' in version `bold'
(Font)                  FML/futmi/m/it --> FML/futmi/b/it on input line 75.
LaTeX Font Info:    Overwriting symbol font `otherletters' in version `bold'
(Font)                  FML/futm/m/it --> FML/futm/b/it on input line 76.
LaTeX Font Info:    Redeclaring math symbol \Gamma on input line 77.
LaTeX Font Info:    Redeclaring math symbol \Delta on input line 78.
LaTeX Font Info:    Redeclaring math symbol \Theta on input line 79.
LaTeX Font Info:    Redeclaring math symbol \Lambda on input line 80.
LaTeX Font Info:    Redeclaring math symbol \Xi on input line 81.
LaTeX Font Info:    Redeclaring math symbol \Pi on input line 82.
LaTeX Font Info:    Redeclaring math symbol \Sigma on input line 83.
LaTeX Font Info:    Redeclaring math symbol \Upsilon on input line 84.
LaTeX Font Info:    Redeclaring math symbol \Phi on input line 85.
LaTeX Font Info:    Redeclaring math symbol \Psi on input line 86.
LaTeX Font Info:    Redeclaring math symbol \Omega on input line 87.
LaTeX Font Info:    Redeclaring symbol font `symbols' on input line 127.
LaTeX Font Info:    Encoding `OMS' has changed to `FMS' for symbol font
(Font)              `symbols' in the math version `normal' on input line 127.
LaTeX Font Info:    Overwriting symbol font `symbols' in version `normal'
(Font)                  OMS/cmsy/m/n --> FMS/futm/m/n on input line 127.
LaTeX Font Info:    Encoding `OMS' has changed to `FMS' for symbol font
(Font)              `symbols' in the math version `bold' on input line 127.
LaTeX Font Info:    Overwriting symbol font `symbols' in version `bold'
(Font)                  OMS/cmsy/b/n --> FMS/futm/m/n on input line 127.
LaTeX Font Info:    Redeclaring symbol font `largesymbols' on input line 128.
LaTeX Font Info:    Encoding `OMX' has changed to `FMX' for symbol font
(Font)              `largesymbols' in the math version `normal' on input line 128.
LaTeX Font Info:    Overwriting symbol font `largesymbols' in version `normal'
(Font)                  OMX/cmex/m/n --> FMX/futm/m/n on input line 128.
LaTeX Font Info:    Encoding `OMX' has changed to `FMX' for symbol font
(Font)              `largesymbols' in the math version `bold' on input line 128.
LaTeX Font Info:    Overwriting symbol font `largesymbols' in version `bold'
(Font)                  OMX/cmex/m/n --> FMX/futm/m/n on input line 128.
LaTeX Font Info:    Redeclaring math alphabet \mathbf on input line 129.
LaTeX Font Info:    Overwriting math alphabet `\mathbf' in version `normal'
(Font)                  OT1/cmr/bx/n --> T1/futs/bx/n on input line 129.
LaTeX Font Info:    Overwriting math alphabet `\mathbf' in version `bold'
(Font)                  OT1/cmr/bx/n --> T1/futs/bx/n on input line 129.
LaTeX Font Info:    Redeclaring math alphabet \mathrm on input line 130.
LaTeX Font Info:    Redeclaring math alphabet \mathit on input line 131.
LaTeX Font Info:    Overwriting math alphabet `\mathit' in version `normal'
(Font)                  OT1/cmr/m/it --> T1/futs/m/it on input line 131.
LaTeX Font Info:    Overwriting math alphabet `\mathit' in version `bold'
(Font)                  OT1/cmr/bx/it --> T1/futs/m/it on input line 131.
LaTeX Font Info:    Redeclaring math alphabet \mathcal on input line 132.
LaTeX Font Info:    Redeclaring math symbol \varkappa on input line 133.
LaTeX Font Info:    Redeclaring math symbol \leqslant on input line 139.
LaTeX Font Info:    Redeclaring math symbol \geqslant on input line 140.
LaTeX Font Info:    Redeclaring math symbol \vDash on input line 143.
LaTeX Font Info:    Redeclaring math symbol \blacktriangleleft on input line 144.
LaTeX Font Info:    Redeclaring math symbol \blacktriangleright on input line 145.
LaTeX Font Info:    Redeclaring math symbol \nleqslant on input line 146.
LaTeX Font Info:    Redeclaring math symbol \ngeqslant on input line 147.
LaTeX Font Info:    Redeclaring math symbol \parallel on input line 148.
LaTeX Font Info:    Redeclaring math symbol \nparallel on input line 149.
LaTeX Font Info:    Redeclaring math symbol \nvDash on input line 151.
LaTeX Font Info:    Redeclaring math symbol \intercal on input line 152.
LaTeX Font Info:    Redeclaring math symbol \hslash on input line 153.
LaTeX Font Info:    Redeclaring math symbol \nexists on input line 154.
LaTeX Font Info:    Redeclaring math symbol \complement on input line 155.
LaTeX Font Info:    Redeclaring math symbol \varsubsetneq on input line 156.
LaTeX Font Info:    Redeclaring math symbol \hbar on input line 162.
LaTeX Font Info:    Redeclaring math symbol \smallsetminus on input line 163.
LaTeX Font Info:    Redeclaring math symbol \subsetneqq on input line 164.
LaTeX Font Info:    Redeclaring math symbol \rightrightarrows on input line 165.
LaTeX Font Info:    Redeclaring math symbol \leftleftarrows on input line 166.
LaTeX Font Info:    Redeclaring math symbol \square on input line 167.
LaTeX Font Info:    Redeclaring math symbol \curvearrowleft on input line 168.
LaTeX Font Info:    Redeclaring math symbol \curvearrowright on input line 169.
LaTeX Font Info:    Redeclaring math symbol \blacksquare on input line 170.
LaTeX Font Info:    Redeclaring math symbol \varkappa on input line 200.
LaTeX Font Info:    Redeclaring math symbol \varvarrho on input line 201.
LaTeX Font Info:    Redeclaring math delimiter \Vert on input line 224.
LaTeX Font Info:    Redeclaring math delimiter \vert on input line 229.
LaTeX Font Info:    Redeclaring math delimiter \lvert on input line 231.
LaTeX Font Info:    Redeclaring math delimiter \rvert on input line 233.
LaTeX Font Info:    Redeclaring math delimiter \lVert on input line 235.
LaTeX Font Info:    Redeclaring math delimiter \rVert on input line 237.
LaTeX Font Info:    Redeclaring math delimiter \Downarrow on input line 239.
LaTeX Font Info:    Redeclaring math delimiter \backslash on input line 241.
LaTeX Font Info:    Redeclaring math delimiter \rangle on input line 243.
LaTeX Font Info:    Redeclaring math delimiter \langle on input line 245.
LaTeX Font Info:    Redeclaring math delimiter \rbrace on input line 247.
LaTeX Font Info:    Redeclaring math delimiter \lbrace on input line 249.
LaTeX Font Info:    Redeclaring math delimiter \rceil on input line 251.
LaTeX Font Info:    Redeclaring math delimiter \lceil on input line 253.
LaTeX Font Info:    Redeclaring math delimiter \rfloor on input line 255.
LaTeX Font Info:    Redeclaring math delimiter \lfloor on input line 257.
LaTeX Font Info:    Redeclaring math accent \acute on input line 261.
LaTeX Font Info:    Redeclaring math accent \grave on input line 262.
LaTeX Font Info:    Redeclaring math accent \ddot on input line 263.
LaTeX Font Info:    Redeclaring math accent \tilde on input line 264.
LaTeX Font Info:    Redeclaring math accent \bar on input line 265.
LaTeX Font Info:    Redeclaring math accent \breve on input line 266.
LaTeX Font Info:    Redeclaring math accent \check on input line 267.
LaTeX Font Info:    Redeclaring math accent \hat on input line 268.
LaTeX Font Info:    Redeclaring math accent \dot on input line 269.
LaTeX Font Info:    Redeclaring math accent \mathring on input line 270.
\symUfutm=\mathgroup8
)
LaTeX Font Info:    Redeclaring symbol font `letters' on input line 16.
LaTeX Font Info:    Overwriting symbol font `letters' in version `normal'
(Font)                  FML/futmi/m/it --> FML/fncmi/m/it on input line 16.
LaTeX Font Info:    Overwriting symbol font `letters' in version `bold'
(Font)                  FML/futmi/b/it --> FML/fncmi/m/it on input line 16.
LaTeX Font Info:    Redeclaring symbol font `otherletters' on input line 17.
LaTeX Font Info:    Overwriting symbol font `otherletters' in version `normal'
(Font)                  FML/futm/m/it --> FML/fncm/m/it on input line 17.
LaTeX Font Info:    Overwriting symbol font `otherletters' in version `bold'
(Font)                  FML/futm/b/it --> FML/fncm/m/it on input line 17.
LaTeX Font Info:    Overwriting symbol font `letters' in version `bold'
(Font)                  FML/fncmi/m/it --> FML/fncmi/b/it on input line 18.
LaTeX Font Info:    Overwriting symbol font `otherletters' in version `bold'
(Font)                  FML/fncm/m/it --> FML/fncm/b/it on input line 19.
LaTeX Font Info:    Redeclaring symbol font `operators' on input line 32.
LaTeX Font Info:    Overwriting symbol font `operators' in version `normal'
(Font)                  T1/futs/m/n --> T1/fnc/m/n on input line 32.
LaTeX Font Info:    Overwriting symbol font `operators' in version `bold'
(Font)                  T1/futs/b/n --> T1/fnc/m/n on input line 32.
LaTeX Font Info:    Overwriting symbol font `operators' in version `bold'
(Font)                  T1/fnc/m/n --> T1/fnc/b/n on input line 33.
LaTeX Font Info:    Redeclaring symbol font `symbols' on input line 34.
LaTeX Font Info:    Overwriting symbol font `symbols' in version `normal'
(Font)                  FMS/futm/m/n --> FMS/fncm/m/n on input line 34.
LaTeX Font Info:    Overwriting symbol font `symbols' in version `bold'
(Font)                  FMS/futm/m/n --> FMS/fncm/m/n on input line 34.
LaTeX Font Info:    Redeclaring math alphabet \mathbf on input line 35.
LaTeX Font Info:    Overwriting math alphabet `\mathbf' in version `normal'
(Font)                  T1/futs/bx/n --> T1/fnc/b/n on input line 35.
LaTeX Font Info:    Overwriting math alphabet `\mathbf' in version `bold'
(Font)                  T1/futs/bx/n --> T1/fnc/b/n on input line 35.
LaTeX Font Info:    Redeclaring math alphabet \mathrm on input line 36.
LaTeX Font Info:    Overwriting math alphabet `\mathrm' in version `normal'
(Font)                  T1/futs/m/n --> T1/fnc/m/n on input line 36.
LaTeX Font Info:    Overwriting math alphabet `\mathrm' in version `bold'
(Font)                  T1/futs/m/n --> T1/fnc/m/n on input line 36.
LaTeX Font Info:    Redeclaring math alphabet \mathit on input line 37.
LaTeX Font Info:    Overwriting math alphabet `\mathit' in version `normal'
(Font)                  T1/futs/m/it --> T1/fnc/m/it on input line 37.
LaTeX Font Info:    Overwriting math alphabet `\mathit' in version `bold'
(Font)                  T1/futs/m/it --> T1/fnc/m/it on input line 37.
LaTeX Font Info:    Redeclaring math alphabet \mathcal on input line 38.
LaTeX Font Info:    Overwriting math alphabet `\mathcal' in version `normal'
(Font)                  FMS/futm/m/n --> FMS/fncm/m/n on input line 38.
LaTeX Font Info:    Overwriting math alphabet `\mathcal' in version `bold'
(Font)                  FMS/futm/m/n --> FMS/fncm/m/n on input line 38.
)
LaTeX Font Info:    Redeclaring math alphabet \mathbb on input line 96.
LaTeX Font Info:    Redeclaring math alphabet \mathcal on input line 97.
LaTeX Font Info:    Overwriting math alphabet `\mathcal' in version `normal'
(Font)                  FMS/fncm/m/n --> OMS/cmsy/m/n on input line 97.
LaTeX Font Info:    Overwriting math alphabet `\mathcal' in version `bold'
(Font)                  FMS/fncm/m/n --> OMS/cmsy/m/n on input line 97.
\c@definition=\count355
)
LaTeX Font Info:    Trying to load font information for T1+fnc on input line 9.
 (/usr/share/texlive/texmf-dist/tex/latex/fouriernc/t1fnc.fd
File: t1fnc.fd 2005/12/13 scaled font definitions for T1/fnc.
)
LaTeX Font Info:    Font shape `T1/fnc/m/n' will be
(Font)              scaled to size 11.15991pt on input line 9.
 (out/main.aux (out/Chapitres/introduction.aux) (out/Chapitres/groupes.aux) (out/Chapitres/anneaux.aux) (out/Chapitres/polynomes.aux) (out/Chapitres/corps.aux) (out/Chapitres/categorie.aux))
\openout1 = `main.aux'.

LaTeX Font Info:    Checking defaults for OML/cmm/m/it on input line 9.
LaTeX Font Info:    ... okay on input line 9.
LaTeX Font Info:    Checking defaults for OMS/cmsy/m/n on input line 9.
LaTeX Font Info:    ... okay on input line 9.
LaTeX Font Info:    Checking defaults for OT1/cmr/m/n on input line 9.
LaTeX Font Info:    ... okay on input line 9.
LaTeX Font Info:    Checking defaults for T1/cmr/m/n on input line 9.
LaTeX Font Info:    ... okay on input line 9.
LaTeX Font Info:    Checking defaults for TS1/cmr/m/n on input line 9.
LaTeX Font Info:    ... okay on input line 9.
LaTeX Font Info:    Checking defaults for OMX/cmex/m/n on input line 9.
LaTeX Font Info:    ... okay on input line 9.
LaTeX Font Info:    Checking defaults for U/cmr/m/n on input line 9.
LaTeX Font Info:    ... okay on input line 9.
LaTeX Font Info:    Checking defaults for PD1/pdf/m/n on input line 9.
LaTeX Font Info:    ... okay on input line 9.
LaTeX Font Info:    Checking defaults for PU/pdf/m/n on input line 9.
LaTeX Font Info:    ... okay on input line 9.
LaTeX Font Info:    Checking defaults for FML/fncmi/m/it on input line 9.
LaTeX Font Info:    Trying to load font information for FML+fncmi on input line 9.
 (/usr/share/texlive/texmf-dist/tex/latex/fouriernc/fmlfncmi.fd
File: fmlfncmi.fd 2005/12/20 Fontinst v1.928 font definitions for FML/fncmi.
)
LaTeX Font Info:    ... okay on input line 9.
LaTeX Font Info:    Checking defaults for FMS/fncm/m/n on input line 9.
LaTeX Font Info:    Trying to load font information for FMS+fncm on input line 9.
 (/usr/share/texlive/texmf-dist/tex/latex/fouriernc/fmsfncm.fd
File: fmsfncm.fd 2005/12/20 Fontinst v1.928 font definitions for FMS/fncm.
)
LaTeX Font Info:    ... okay on input line 9.
LaTeX Font Info:    Checking defaults for FMX/futm/m/n on input line 9.
LaTeX Font Info:    Trying to load font information for FMX+futm on input line 9.
 (/usr/share/texlive/texmf-dist/tex/latex/fourier/fmxfutm.fd
File: fmxfutm.fd futm-extension
)
LaTeX Font Info:    ... okay on input line 9.
LaTeX Info: Redefining \degres on input line 9.
Package french.ldf Info: Setting StandardItemizeEnv=true for
(french.ldf)             compatibility with enumitem package,
(french.ldf)             reported on input line 9.
Package french.ldf Info: Setting StandardEnumerateEnv=true for
(french.ldf)             compatibility with enumitem package,
(french.ldf)             reported on input line 9.
LaTeX Info: Redefining \up on input line 9.
 (/usr/share/texlive/texmf-dist/tex/context/base/mkii/supp-pdf.mkii
[Loading MPS to PDF converter (version 2006.09.02).]
\scratchcounter=\count356
\scratchdimen=\dimen311
\scratchbox=\box83
\nofMPsegments=\count357
\nofMParguments=\count358
\everyMPshowfont=\toks56
\MPscratchCnt=\count359
\MPscratchDim=\dimen312
\MPnumerator=\count360
\makeMPintoPDFobject=\count361
\everyMPtoPDFconversion=\toks57
) (/usr/share/texlive/texmf-dist/tex/latex/epstopdf-pkg/epstopdf-base.sty
Package: epstopdf-base 2020-01-24 v2.11 Base part for package epstopdf
 (/usr/share/texlive/texmf-dist/tex/latex/grfext/grfext.sty
Package: grfext 2019/12/03 v1.3 Manage graphics extensions (HO)
)
Package epstopdf-base Info: Redefining graphics rule for `.eps' on input line 485.
Package grfext Info: Graphics extension search list:
(grfext)             [.pdf,.png,.jpg,.mps,.jpeg,.jbig2,.jb2,.PDF,.PNG,.JPG,.JPEG,.JBIG2,.JB2,.eps]
(grfext)             \AppendGraphicsExtensions on input line 504.
 (/usr/share/texlive/texmf-dist/tex/latex/latexconfig/epstopdf-sys.cfg
File: epstopdf-sys.cfg 2010/07/13 v1.3 Configuration of (r)epstopdf for TeX Live
))
*geometry* driver: auto-detecting
*geometry* detected driver: pdftex
*geometry* verbose mode - [ preamble ] result:
* driver: pdftex
* paper: a4paper
* layout: <same size as paper>
* layoutoffset:(h,v)=(0.0pt,0.0pt)
* modes: 
* h-part:(L,W,R)=(71.13188pt, 455.24411pt, 71.13188pt)
* v-part:(T,H,B)=(71.13188pt, 702.78308pt, 71.13188pt)
* \paperwidth=597.50787pt
* \paperheight=845.04684pt
* \textwidth=455.24411pt
* \textheight=702.78308pt
* \oddsidemargin=-1.1381pt
* \evensidemargin=-1.1381pt
* \topmargin=-36.1681pt
* \headheight=15.03pt
* \headsep=20.0pt
* \topskip=12.0pt
* \footskip=30.0pt
* \marginparwidth=35.0pt
* \marginparsep=10.0pt
* \columnsep=10.0pt
* \skip\footins=10.8pt plus 4.0pt minus 2.0pt
* \hoffset=0.0pt
* \voffset=0.0pt
* \mag=1000
* \@twocolumnfalse
* \@twosidefalse
* \@mparswitchfalse
* \@reversemarginfalse
* (1in=72.27pt=25.4mm, 1cm=28.453pt)

Package hyperref Info: Link coloring ON on input line 9.
(out/main.out) (out/main.out)
\@outlinefile=\write4
\openout4 = `main.out'.

LaTeX Font Info:    Redeclaring math accent \widehat on input line 9.
LaTeX Font Info:    Redeclaring math accent \widetilde on input line 9.
 (./pagedegarde.tex
<apollonius.png, id=248, 602.25pt x 602.25pt>
File: apollonius.png Graphic file (type png)
<use apollonius.png>
Package pdftex.def Info: apollonius.png  used on input line 9.
(pdftex.def)             Requested size: 483.69684pt x 483.71208pt.
LaTeX Font Info:    Font shape `T1/fnc/m/n' will be
(Font)              scaled to size 9.29993pt on input line 16.
LaTeX Font Info:    Font shape `T1/fnc/m/sc' will be
(Font)              scaled to size 9.29993pt on input line 16.
LaTeX Font Info:    Font shape `T1/fnc/m/n' will be
(Font)              scaled to size 7.06795pt on input line 18.
LaTeX Font Info:    Font shape `T1/fnc/m/n' will be
(Font)              scaled to size 5.57996pt on input line 18.
LaTeX Font Info:    Font shape `FMX/futm/m/n' will be
(Font)              scaled to size 9.19998pt on input line 18.
LaTeX Font Info:    Font shape `FMX/futm/m/n' will be
(Font)              scaled to size 6.99199pt on input line 18.
LaTeX Font Info:    Font shape `FMX/futm/m/n' will be
(Font)              scaled to size 5.51999pt on input line 18.
LaTeX Font Info:    Trying to load font information for U+msa on input line 18.
 (/usr/share/texlive/texmf-dist/tex/latex/amsfonts/umsa.fd
File: umsa.fd 2013/01/14 v3.01 AMS symbols A
)
LaTeX Font Info:    Trying to load font information for U+msb on input line 18.
 (/usr/share/texlive/texmf-dist/tex/latex/amsfonts/umsb.fd
File: umsb.fd 2013/01/14 v3.01 AMS symbols B
)
LaTeX Font Info:    Trying to load font information for U+rsfs on input line 18.
 (/usr/share/texlive/texmf-dist/tex/latex/jknapltx/ursfs.fd
File: ursfs.fd 1998/03/24 rsfs font definition file (jk)
)
LaTeX Font Info:    Trying to load font information for FML+fncm on input line 18.
 (/usr/share/texlive/texmf-dist/tex/latex/fouriernc/fmlfncm.fd
File: fmlfncm.fd 2005/12/20 Fontinst v1.928 font definitions for FML/fncm.
)
LaTeX Font Info:    Font shape `U/futm/m/n' will be
(Font)              scaled to size 9.19998pt on input line 18.
LaTeX Font Info:    Font shape `U/futm/m/n' will be
(Font)              scaled to size 6.99199pt on input line 18.
LaTeX Font Info:    Font shape `U/futm/m/n' will be
(Font)              scaled to size 5.51999pt on input line 18.
LaTeX Font Info:    Font shape `T1/fnc/m/n' will be
(Font)              scaled to size 39.98969pt on input line 26.
LaTeX Font Info:    Font shape `T1/fnc/m/n' will be
(Font)              scaled to size 13.39188pt on input line 31.
LaTeX Font Info:    Font shape `T1/fnc/m/sc' will be
(Font)              scaled to size 11.15991pt on input line 39.


[1

{/var/lib/texmf/fonts/map/pdftex/updmap/pdftex.map}{/usr/share/texlive/texmf-dist/fonts/enc/dvips/base/8r.enc} <./apollonius.png>])
LaTeX Font Info:    Font shape `T1/fnc/m/n' will be
(Font)              scaled to size 19.28804pt on input line 15.
LaTeX Font Info:    Font shape `T1/fnc/b/n' will be
(Font)              scaled to size 19.28804pt on input line 15.
LaTeX Font Info:    Font shape `T1/fnc/b/sc' will be
(Font)              scaled to size 19.28804pt on input line 15.
 (out/main.toc
LaTeX Font Info:    Font shape `T1/fnc/b/n' will be
(Font)              scaled to size 11.15991pt on input line 2.
LaTeX Font Info:    Font shape `T1/fnc/m/n' will be
(Font)              scaled to size 8.36993pt on input line 3.
LaTeX Font Info:    Font shape `T1/fnc/m/n' will be
(Font)              scaled to size 6.50995pt on input line 3.
LaTeX Font Info:    Font shape `FMX/futm/m/n' will be
(Font)              scaled to size 11.03998pt on input line 3.
LaTeX Font Info:    Font shape `FMX/futm/m/n' will be
(Font)              scaled to size 8.27998pt on input line 3.
LaTeX Font Info:    Font shape `FMX/futm/m/n' will be
(Font)              scaled to size 6.43999pt on input line 3.
LaTeX Font Info:    Font shape `U/futm/m/n' will be
(Font)              scaled to size 11.03998pt on input line 3.
LaTeX Font Info:    Font shape `U/futm/m/n' will be
(Font)              scaled to size 8.27998pt on input line 3.
LaTeX Font Info:    Font shape `U/futm/m/n' will be
(Font)              scaled to size 6.43999pt on input line 3.


LaTeX Font Info:    Font shape `T1/fnc/m/it' will be
(Font)              scaled to size 11.15991pt on input line 38.

pdfTeX warning (ext4): destination with the same identifier (name{page.1}) has been already used, duplicate ignored
<to be read again> 
                   \relax 
l.38 ...er}{\numberline {3}Anneaux}{55}{chapter.3}
                                                  % [1

])
\tf@toc=\write5
\openout5 = `main.toc'.



[2]
\openout2 = `Chapitres/introduction.aux'.

 (./Chapitres/introduction.tex
Chapitre 1.
LaTeX Font Info:    Font shape `T1/fnc/m/sc' will be
(Font)              scaled to size 13.39188pt on input line 3.
Package mdframed Info: mdframed detected package amsthm 
 changed the theorem header of amsthm
(mdframed)              on input line 7.
Package mdframed Info: mdframed detected package amsthm 
 changed the theorem header of amsthm
(mdframed)              on input line 11.

Underfull \hbox (badness 10000) in paragraph at lines 20--21

 []

Package mdframed Info: mdframed detected package amsthm 
 changed the theorem header of amsthm
(mdframed)              on input line 21.

Underfull \hbox (badness 10000) in paragraph at lines 32--33

 []

LaTeX Font Info:    Font shape `T1/fnc/m/n' will be
(Font)              scaled to size 16.07027pt on input line 37.
LaTeX Font Info:    Font shape `FMX/futm/m/n' will be
(Font)              scaled to size 15.89755pt on input line 37.
LaTeX Font Info:    Font shape `U/futm/m/n' will be
(Font)              scaled to size 15.89755pt on input line 37.
LaTeX Font Info:    Font shape `T1/fnc/m/n' will be
(Font)              scaled to size 10.18341pt on input line 40.
LaTeX Font Info:    Font shape `T1/fnc/m/n' will be
(Font)              scaled to size 7.71893pt on input line 40.
LaTeX Font Info:    Font shape `FMX/futm/m/n' will be
(Font)              scaled to size 10.07397pt on input line 40.
LaTeX Font Info:    Font shape `FMX/futm/m/n' will be
(Font)              scaled to size 7.63599pt on input line 40.
LaTeX Font Info:    Font shape `U/futm/m/n' will be
(Font)              scaled to size 10.07397pt on input line 40.
LaTeX Font Info:    Font shape `U/futm/m/n' will be
(Font)              scaled to size 7.63599pt on input line 40.


[3


]
Package mdframed Info: mdframed detected package amsthm 
 changed the theorem header of amsthm
(mdframed)              on input line 53.
Package mdframed Info: mdframed detected package amsthm 
 changed the theorem header of amsthm
(mdframed)              on input line 68.
Package mdframed Info: mdframed detected package amsthm 
 changed the theorem header of amsthm
(mdframed)              on input line 80.
Package mdframed Info: mdframed detected package amsthm 
 changed the theorem header of amsthm
(mdframed)              on input line 93.
Package mdframed Info: mdframed detected package amsthm 
 changed the theorem header of amsthm
(mdframed)              on input line 101.


[4]
Package mdframed Info: mdframed detected package amsthm 
 changed the theorem header of amsthm
(mdframed)              on input line 119.
LaTeX Font Info:    Font shape `T1/fnc/b/it' will be
(Font)              scaled to size 11.15991pt on input line 120.
Package mdframed Info: mdframed detected package amsthm 
 changed the theorem header of amsthm
(mdframed)              on input line 130.

Underfull \hbox (badness 10000) in paragraph at lines 136--138

 []

Package mdframed Info: mdframed detected package amsthm 
 changed the theorem header of amsthm
(mdframed)              on input line 159.
Package mdframed Info: mdframed detected package amsthm 
 changed the theorem header of amsthm
(mdframed)              on input line 166.

Underfull \hbox (badness 10000) in paragraph at lines 172--173

 []



[5]
Package mdframed Info: mdframed detected package amsthm 
 changed the theorem header of amsthm
(mdframed)              on input line 196.
Package mdframed Info: mdframed detected package amsthm 
 changed the theorem header of amsthm
(mdframed)              on input line 206.
Package mdframed Info: mdframed detected package amsthm 
 changed the theorem header of amsthm
(mdframed)              on input line 241.
Package mdframed Info: mdframed detected package amsthm 
 changed the theorem header of amsthm
(mdframed)              on input line 248.


[6]
Package mdframed Info: mdframed detected package amsthm 
 changed the theorem header of amsthm
(mdframed)              on input line 269.
Package mdframed Info: mdframed detected package amsthm 
 changed the theorem header of amsthm
(mdframed)              on input line 275.
Package mdframed Info: mdframed detected package amsthm 
 changed the theorem header of amsthm
(mdframed)              on input line 281.
Package mdframed Info: mdframed detected package amsthm 
 changed the theorem header of amsthm
(mdframed)              on input line 287.
Package mdframed Info: mdframed detected package amsthm 
 changed the theorem header of amsthm
(mdframed)              on input line 302.

Underfull \hbox (badness 10000) in paragraph at lines 339--340

 []



[7]
Package mdframed Info: mdframed detected package amsthm 
 changed the theorem header of amsthm
(mdframed)              on input line 347.
LaTeX Font Info:    Font shape `T1/fnc/m/it' will be
(Font)              scaled to size 8.36993pt on input line 351.
LaTeX Font Info:    Font shape `T1/fnc/m/it' will be
(Font)              scaled to size 6.50995pt on input line 351.
Package mdframed Info: mdframed detected package amsthm 
 changed the theorem header of amsthm
(mdframed)              on input line 365.
Package mdframed Info: mdframed detected package amsthm 
 changed the theorem header of amsthm
(mdframed)              on input line 375.
Package mdframed Info: mdframed detected package amsthm 
 changed the theorem header of amsthm
(mdframed)              on input line 380.

Underfull \hbox (badness 10000) in paragraph at lines 395--396

 []

Package mdframed Info: mdframed detected package amsthm 
 changed the theorem header of amsthm
(mdframed)              on input line 397.
Package mdframed Info: Not enough space on this page on input line 409.


[8]
Package mdframed Info: Not enough space on this page on input line 409.
Package mdframed Info: mdframed detected package amsthm 
 changed the theorem header of amsthm
(mdframed)              on input line 411.
Package mdframed Info: mdframed detected package amsthm 
 changed the theorem header of amsthm
(mdframed)              on input line 428.
Package mdframed Info: mdframed detected package amsthm 
 changed the theorem header of amsthm
(mdframed)              on input line 445.
LaTeX Font Info:    Trying to load font information for U+euf on input line 446.
 (/usr/share/texlive/texmf-dist/tex/latex/amsfonts/ueuf.fd
File: ueuf.fd 2013/01/14 v3.01 Euler Fraktur
)
Package mdframed Info: mdframed detected package amsthm 
 changed the theorem header of amsthm
(mdframed)              on input line 449.


[9]
Package mdframed Info: mdframed detected package amsthm 
 changed the theorem header of amsthm
(mdframed)              on input line 486.
Package mdframed Info: mdframed detected package amsthm 
 changed the theorem header of amsthm
(mdframed)              on input line 494.
Package mdframed Info: mdframed detected package amsthm 
 changed the theorem header of amsthm
(mdframed)              on input line 502.
Package mdframed Info: mdframed detected package amsthm 
 changed the theorem header of amsthm
(mdframed)              on input line 527.


Package mdframed Warning: You got a bad break
(mdframed)                because the last box will be empty
(mdframed)                you have to change it manually
(mdframed)                by changing the text, the space
(mdframed)                or something else on input line 529.

Package mdframed Info: You first box width is to small
 mdframed fixed it
(mdframed)              on input line 529.


[10]

Package mdframed Warning: You got a bad break
(mdframed)                because the last split box is empty
(mdframed)                You have to change the settings on input line 529.

Package mdframed Info: mdframed detected package amsthm 
 changed the theorem header of amsthm
(mdframed)              on input line 547.
Package mdframed Info: mdframed detected package amsthm 
 changed the theorem header of amsthm
(mdframed)              on input line 577.
Package mdframed Info: mdframed detected package amsthm 
 changed the theorem header of amsthm
(mdframed)              on input line 584.


[11]
Package mdframed Info: mdframed detected package amsthm 
 changed the theorem header of amsthm
(mdframed)              on input line 592.
Package mdframed Info: mdframed detected package amsthm 
 changed the theorem header of amsthm
(mdframed)              on input line 601.
Package mdframed Info: mdframed detected package amsthm 
 changed the theorem header of amsthm
(mdframed)              on input line 609.
Package mdframed Info: mdframed detected package amsthm 
 changed the theorem header of amsthm
(mdframed)              on input line 616.
Package mdframed Info: mdframed detected package amsthm 
 changed the theorem header of amsthm
(mdframed)              on input line 624.
Package mdframed Info: mdframed detected package amsthm 
 changed the theorem header of amsthm
(mdframed)              on input line 635.
Package mdframed Info: mdframed detected package amsthm 
 changed the theorem header of amsthm
(mdframed)              on input line 652.


[12]
Package mdframed Info: mdframed detected package amsthm 
 changed the theorem header of amsthm
(mdframed)              on input line 682.
Package mdframed Info: mdframed detected package amsthm 
 changed the theorem header of amsthm
(mdframed)              on input line 715.


[13]
Package mdframed Info: mdframed detected package amsthm 
 changed the theorem header of amsthm
(mdframed)              on input line 726.
Package mdframed Info: mdframed detected package amsthm 
 changed the theorem header of amsthm
(mdframed)              on input line 752.
Package mdframed Info: mdframed detected package amsthm 
 changed the theorem header of amsthm
(mdframed)              on input line 778.


[14]
Package mdframed Info: mdframed detected package amsthm 
 changed the theorem header of amsthm
(mdframed)              on input line 804.
Package mdframed Info: mdframed detected package amsthm 
 changed the theorem header of amsthm
(mdframed)              on input line 821.


[15]
Package mdframed Info: mdframed detected package amsthm 
 changed the theorem header of amsthm
(mdframed)              on input line 844.
Package mdframed Info: mdframed detected package amsthm 
 changed the theorem header of amsthm
(mdframed)              on input line 887.
Package mdframed Info: mdframed detected package amsthm 
 changed the theorem header of amsthm
(mdframed)              on input line 903.


[16]
Package mdframed Info: mdframed detected package amsthm 
 changed the theorem header of amsthm
(mdframed)              on input line 913.
Package mdframed Info: mdframed detected package amsthm 
 changed the theorem header of amsthm
(mdframed)              on input line 917.
Package mdframed Info: mdframed detected package amsthm 
 changed the theorem header of amsthm
(mdframed)              on input line 924.
Package mdframed Info: mdframed detected package amsthm 
 changed the theorem header of amsthm
(mdframed)              on input line 938.
Package mdframed Info: mdframed detected package amsthm 
 changed the theorem header of amsthm
(mdframed)              on input line 951.

Underfull \hbox (badness 10000) in paragraph at lines 952--952

 []



[17]
Package mdframed Info: mdframed detected package amsthm 
 changed the theorem header of amsthm
(mdframed)              on input line 959.

Underfull \hbox (badness 10000) in paragraph at lines 960--962

 []

Package mdframed Info: mdframed detected package amsthm 
 changed the theorem header of amsthm
(mdframed)              on input line 969.
Package mdframed Info: mdframed detected package amsthm 
 changed the theorem header of amsthm
(mdframed)              on input line 978.
Package mdframed Info: mdframed detected package amsthm 
 changed the theorem header of amsthm
(mdframed)              on input line 996.
Package mdframed Info: mdframed detected package amsthm 
 changed the theorem header of amsthm
(mdframed)              on input line 1004.


[18]
Package mdframed Info: mdframed detected package amsthm 
 changed the theorem header of amsthm
(mdframed)              on input line 1021.
Package mdframed Info: mdframed detected package amsthm 
 changed the theorem header of amsthm
(mdframed)              on input line 1025.


[19]
Package mdframed Info: mdframed detected package amsthm 
 changed the theorem header of amsthm
(mdframed)              on input line 1079.
Package mdframed Info: mdframed detected package amsthm 
 changed the theorem header of amsthm
(mdframed)              on input line 1086.
Package mdframed Info: mdframed detected package amsthm 
 changed the theorem header of amsthm
(mdframed)              on input line 1093.
Package mdframed Info: mdframed detected package amsthm 
 changed the theorem header of amsthm
(mdframed)              on input line 1100.
Package mdframed Info: mdframed detected package amsthm 
 changed the theorem header of amsthm
(mdframed)              on input line 1128.
Package mdframed Info: mdframed detected package amsthm 
 changed the theorem header of amsthm
(mdframed)              on input line 1135.


[20]
Package mdframed Info: mdframed detected package amsthm 
 changed the theorem header of amsthm
(mdframed)              on input line 1150.
Package mdframed Info: mdframed detected package amsthm 
 changed the theorem header of amsthm
(mdframed)              on input line 1154.
Package mdframed Info: mdframed detected package amsthm 
 changed the theorem header of amsthm
(mdframed)              on input line 1161.
Package mdframed Info: mdframed detected package amsthm 
 changed the theorem header of amsthm
(mdframed)              on input line 1174.

Overfull \hbox (17.82924pt too wide) in paragraph at lines 1175--1176
[][]\T1/fnc/b/it/12 Remarque \T1/fnc/b/n/12 1.3.21\T1/fnc/b/it/12 . []\T1/fnc/m/n/12 On verra que $(\U/futm/m/n/12 Z\T1/fnc/m/n/12 /\FML/fncmi/m/it/12 n\U/futm/m/n/12 Z\FML/fncmi/m/it/12 ; \FMS/fncm/m/n/12 ^^A\FML/fncmi/m/it/12 ; \T1/fnc/m/n/12 [1])$ forme un mo-noÔde com-mu-ta-tif et que $(\U/futm/m/n/12 Z\T1/fnc/m/n/12 /\FML/fncmi/m/it/12 n\U/futm/m/n/12 Z\FML/fncmi/m/it/12 ; \FMS/fncm/m/n/12 Ä\FML/fncmi/m/it/12 ; :\T1/fnc/m/n/12 )$
 []

)

[21]
\openout2 = `Chapitres/groupes.aux'.

 (./Chapitres/groupes.tex
Chapitre 2.
Package mdframed Info: mdframed detected package amsthm 
 changed the theorem header of amsthm
(mdframed)              on input line 5.
Package mdframed Info: mdframed detected package amsthm 
 changed the theorem header of amsthm
(mdframed)              on input line 22.
Package mdframed Info: mdframed detected package amsthm 
 changed the theorem header of amsthm
(mdframed)              on input line 32.
Package mdframed Info: mdframed detected package amsthm 
 changed the theorem header of amsthm
(mdframed)              on input line 50.
Package mdframed Info: Box was splittet wrong
 starting loop to iterate the splitting point
(mdframed)              on input line 58.


[22




]
Package mdframed Info: mdframed detected package amsthm 
 changed the theorem header of amsthm
(mdframed)              on input line 60.
Package mdframed Info: mdframed detected package amsthm 
 changed the theorem header of amsthm
(mdframed)              on input line 78.
Package mdframed Info: mdframed detected package amsthm 
 changed the theorem header of amsthm
(mdframed)              on input line 82.
Package mdframed Info: mdframed detected package amsthm 
 changed the theorem header of amsthm
(mdframed)              on input line 92.
Package mdframed Info: mdframed detected package amsthm 
 changed the theorem header of amsthm
(mdframed)              on input line 104.
Package mdframed Info: mdframed detected package amsthm 
 changed the theorem header of amsthm
(mdframed)              on input line 124.
Package mdframed Info: mdframed detected package amsthm 
 changed the theorem header of amsthm
(mdframed)              on input line 131.


[23]
Package mdframed Info: mdframed detected package amsthm 
 changed the theorem header of amsthm
(mdframed)              on input line 151.
Package mdframed Info: mdframed detected package amsthm 
 changed the theorem header of amsthm
(mdframed)              on input line 156.
Package mdframed Info: mdframed detected package amsthm 
 changed the theorem header of amsthm
(mdframed)              on input line 160.
Package mdframed Info: mdframed detected package amsthm 
 changed the theorem header of amsthm
(mdframed)              on input line 174.
Package mdframed Info: Not enough space on this page on input line 176.


[24]
Package mdframed Info: Not enough space on this page on input line 176.
Package mdframed Info: mdframed detected package amsthm 
 changed the theorem header of amsthm
(mdframed)              on input line 178.


[25]
Package mdframed Info: mdframed detected package amsthm 
 changed the theorem header of amsthm
(mdframed)              on input line 243.
Package mdframed Info: mdframed detected package amsthm 
 changed the theorem header of amsthm
(mdframed)              on input line 247.
Package mdframed Info: mdframed detected package amsthm 
 changed the theorem header of amsthm
(mdframed)              on input line 255.
Package mdframed Info: mdframed detected package amsthm 
 changed the theorem header of amsthm
(mdframed)              on input line 262.
Package mdframed Info: mdframed detected package amsthm 
 changed the theorem header of amsthm
(mdframed)              on input line 269.
Package mdframed Info: mdframed detected package amsthm 
 changed the theorem header of amsthm
(mdframed)              on input line 276.


[26]
Package mdframed Info: mdframed detected package amsthm 
 changed the theorem header of amsthm
(mdframed)              on input line 287.
Package mdframed Info: mdframed detected package amsthm 
 changed the theorem header of amsthm
(mdframed)              on input line 292.
Package mdframed Info: mdframed detected package amsthm 
 changed the theorem header of amsthm
(mdframed)              on input line 300.
Package mdframed Info: mdframed detected package amsthm 
 changed the theorem header of amsthm
(mdframed)              on input line 307.
Package mdframed Info: mdframed detected package amsthm 
 changed the theorem header of amsthm
(mdframed)              on input line 319.
Package mdframed Info: mdframed detected package amsthm 
 changed the theorem header of amsthm
(mdframed)              on input line 327.
Package mdframed Info: mdframed detected package amsthm 
 changed the theorem header of amsthm
(mdframed)              on input line 331.
Package mdframed Info: mdframed detected package amsthm 
 changed the theorem header of amsthm
(mdframed)              on input line 346.


[27]
Package mdframed Info: mdframed detected package amsthm 
 changed the theorem header of amsthm
(mdframed)              on input line 350.
Package mdframed Info: mdframed detected package amsthm 
 changed the theorem header of amsthm
(mdframed)              on input line 359.
Package mdframed Info: mdframed detected package amsthm 
 changed the theorem header of amsthm
(mdframed)              on input line 366.
Package mdframed Info: mdframed detected package amsthm 
 changed the theorem header of amsthm
(mdframed)              on input line 374.

Underfull \hbox (badness 10000) in paragraph at lines 388--389

 []

Package mdframed Info: mdframed detected package amsthm 
 changed the theorem header of amsthm
(mdframed)              on input line 392.

Underfull \hbox (badness 10000) in paragraph at lines 393--395

 []



[28]
Package mdframed Info: Not enough space on this page on input line 400.
Package mdframed Info: mdframed detected package amsthm 
 changed the theorem header of amsthm
(mdframed)              on input line 402.

Underfull \hbox (badness 10000) in paragraph at lines 403--404

 []


Underfull \hbox (badness 10000) in paragraph at lines 404--405

 []

Package mdframed Info: mdframed detected package amsthm 
 changed the theorem header of amsthm
(mdframed)              on input line 408.
Package mdframed Info: mdframed detected package amsthm 
 changed the theorem header of amsthm
(mdframed)              on input line 415.
Package mdframed Info: mdframed detected package amsthm 
 changed the theorem header of amsthm
(mdframed)              on input line 430.
Package mdframed Info: mdframed detected package amsthm 
 changed the theorem header of amsthm
(mdframed)              on input line 451.


[29]
Package mdframed Info: mdframed detected package amsthm 
 changed the theorem header of amsthm
(mdframed)              on input line 472.
Package mdframed Info: mdframed detected package amsthm 
 changed the theorem header of amsthm
(mdframed)              on input line 479.
Package mdframed Info: mdframed detected package amsthm 
 changed the theorem header of amsthm
(mdframed)              on input line 483.

Underfull \hbox (badness 10000) in paragraph at lines 484--485

 []

Package mdframed Info: mdframed detected package amsthm 
 changed the theorem header of amsthm
(mdframed)              on input line 518.


[30]
Package mdframed Info: mdframed detected package amsthm 
 changed the theorem header of amsthm
(mdframed)              on input line 557.
Package mdframed Info: mdframed detected package amsthm 
 changed the theorem header of amsthm
(mdframed)              on input line 561.
Package mdframed Info: mdframed detected package amsthm 
 changed the theorem header of amsthm
(mdframed)              on input line 576.


[31]
Package mdframed Info: mdframed detected package amsthm 
 changed the theorem header of amsthm
(mdframed)              on input line 588.
Package mdframed Info: mdframed detected package amsthm 
 changed the theorem header of amsthm
(mdframed)              on input line 602.
Package mdframed Info: mdframed detected package amsthm 
 changed the theorem header of amsthm
(mdframed)              on input line 619.
Package mdframed Info: mdframed detected package amsthm 
 changed the theorem header of amsthm
(mdframed)              on input line 624.
Package mdframed Info: mdframed detected package amsthm 
 changed the theorem header of amsthm
(mdframed)              on input line 628.
Package mdframed Info: mdframed detected package amsthm 
 changed the theorem header of amsthm
(mdframed)              on input line 633.


[32]
Package mdframed Info: mdframed detected package amsthm 
 changed the theorem header of amsthm
(mdframed)              on input line 659.
Package mdframed Info: mdframed detected package amsthm 
 changed the theorem header of amsthm
(mdframed)              on input line 673.
Package mdframed Info: mdframed detected package amsthm 
 changed the theorem header of amsthm
(mdframed)              on input line 680.
Package mdframed Info: mdframed detected package amsthm 
 changed the theorem header of amsthm
(mdframed)              on input line 705.
Package mdframed Info: mdframed detected package amsthm 
 changed the theorem header of amsthm
(mdframed)              on input line 713.


[33]
Package mdframed Info: mdframed detected package amsthm 
 changed the theorem header of amsthm
(mdframed)              on input line 717.
Package mdframed Info: mdframed detected package amsthm 
 changed the theorem header of amsthm
(mdframed)              on input line 723.
Package mdframed Info: mdframed detected package amsthm 
 changed the theorem header of amsthm
(mdframed)              on input line 732.

Overfull \hbox (2.20587pt too wide) in paragraph at lines 743--744
[]$\FML/fncmi/m/it/12 f$ \T1/fnc/m/n/12 en-voie les com-mu-ta-teurs sur les com-mu-ta-teurs, donc $\FML/fncmi/m/it/12 f\T1/fnc/m/n/12 ([\FML/fncmi/m/it/12 G; G\T1/fnc/m/n/12 ]) \FMS/fncm/m/n/12 ^^R \T1/fnc/m/n/12 [\FML/fncmi/m/it/12 H; H\T1/fnc/m/n/12 ]$.
 []


Overfull \hbox (4.05981pt too wide) in paragraph at lines 746--747
\T1/fnc/m/n/12 Cette construc-tion montre que l'abÈ-lia-ni-sa-tion est un \T1/fnc/b/n/12 fonc-teur \T1/fnc/m/n/12 de la ca-tÈ-go-rie des groupes
 []



[34]
Package mdframed Info: mdframed detected package amsthm 
 changed the theorem header of amsthm
(mdframed)              on input line 773.
Package mdframed Info: mdframed detected package amsthm 
 changed the theorem header of amsthm
(mdframed)              on input line 781.
Package mdframed Info: mdframed detected package amsthm 
 changed the theorem header of amsthm
(mdframed)              on input line 840.


[35]
Package mdframed Info: Not enough space on this page on input line 843.
Package mdframed Info: mdframed detected package amsthm 
 changed the theorem header of amsthm
(mdframed)              on input line 849.
Package mdframed Info: mdframed detected package amsthm 
 changed the theorem header of amsthm
(mdframed)              on input line 902.
Package mdframed Info: Not enough space on this page on input line 904.


[36]
Package mdframed Info: Not enough space on this page on input line 904.
Package mdframed Info: mdframed detected package amsthm 
 changed the theorem header of amsthm
(mdframed)              on input line 906.
Package mdframed Info: mdframed detected package amsthm 
 changed the theorem header of amsthm
(mdframed)              on input line 916.
Package mdframed Info: mdframed detected package amsthm 
 changed the theorem header of amsthm
(mdframed)              on input line 955.
Package mdframed Info: mdframed detected package amsthm 
 changed the theorem header of amsthm
(mdframed)              on input line 968.


[37]
Package mdframed Info: mdframed detected package amsthm 
 changed the theorem header of amsthm
(mdframed)              on input line 980.
Package mdframed Info: mdframed detected package amsthm 
 changed the theorem header of amsthm
(mdframed)              on input line 988.
Package mdframed Info: mdframed detected package amsthm 
 changed the theorem header of amsthm
(mdframed)              on input line 1000.
Package mdframed Info: mdframed detected package amsthm 
 changed the theorem header of amsthm
(mdframed)              on input line 1011.
Package mdframed Info: mdframed detected package amsthm 
 changed the theorem header of amsthm
(mdframed)              on input line 1040.

Overfull \hbox (14.28217pt too wide) in paragraph at lines 1051--1054
\T1/fnc/m/n/12 car $\FML/fncmi/m/it/12 H / G$\T1/fnc/m/n/12 . On en dÈ-duit la deuxiËme Èga-litÈ dans (4.1). De plus, on a que $\FML/fncmi/m/it/12 HK \FMS/fncm/m/n/12 Å f\FML/fncmi/m/it/12 k[]h[] [] k[]h[] \FMS/fncm/m/n/12 j
 []



[38]
Package mdframed Info: mdframed detected package amsthm 
 changed the theorem header of amsthm
(mdframed)              on input line 1061.
Package mdframed Info: mdframed detected package amsthm 
 changed the theorem header of amsthm
(mdframed)              on input line 1087.
Package mdframed Info: mdframed detected package amsthm 
 changed the theorem header of amsthm
(mdframed)              on input line 1094.
Package mdframed Info: mdframed detected package amsthm 
 changed the theorem header of amsthm
(mdframed)              on input line 1108.
Package mdframed Info: Not enough space on this page on input line 1113.


[39]
Package mdframed Info: Not enough space on this page on input line 1113.
Package mdframed Info: mdframed detected package amsthm 
 changed the theorem header of amsthm
(mdframed)              on input line 1115.

Underfull \hbox (badness 10000) in paragraph at lines 1128--1130

 []

Package mdframed Info: mdframed detected package amsthm 
 changed the theorem header of amsthm
(mdframed)              on input line 1133.
Package mdframed Info: mdframed detected package amsthm 
 changed the theorem header of amsthm
(mdframed)              on input line 1153.
Package mdframed Info: mdframed detected package amsthm 
 changed the theorem header of amsthm
(mdframed)              on input line 1157.

Package mdframed Warning: You got a bad break
(mdframed)                because the last box will be empty
(mdframed)                you have to change it manually
(mdframed)                by changing the text, the space
(mdframed)                or something else on input line 1180.

Package mdframed Info: You first box width is to small
 mdframed fixed it
(mdframed)              on input line 1180.


[40]

Package mdframed Warning: You got a bad break
(mdframed)                because the last split box is empty
(mdframed)                You have to change the settings on input line 1180.

Package mdframed Info: mdframed detected package amsthm 
 changed the theorem header of amsthm
(mdframed)              on input line 1181.
Package mdframed Info: mdframed detected package amsthm 
 changed the theorem header of amsthm
(mdframed)              on input line 1205.

Underfull \hbox (badness 10000) in paragraph at lines 1206--1207

 []

Package mdframed Info: mdframed detected package amsthm 
 changed the theorem header of amsthm
(mdframed)              on input line 1212.
Package mdframed Info: mdframed detected package amsthm 
 changed the theorem header of amsthm
(mdframed)              on input line 1218.
Package mdframed Info: mdframed detected package amsthm 
 changed the theorem header of amsthm
(mdframed)              on input line 1226.
Package mdframed Info: mdframed detected package amsthm 
 changed the theorem header of amsthm
(mdframed)              on input line 1241.


[41]
Package mdframed Info: mdframed detected package amsthm 
 changed the theorem header of amsthm
(mdframed)              on input line 1260.
Package mdframed Info: mdframed detected package amsthm 
 changed the theorem header of amsthm
(mdframed)              on input line 1287.
Package mdframed Info: mdframed detected package amsthm 
 changed the theorem header of amsthm
(mdframed)              on input line 1297.
Package mdframed Info: mdframed detected package amsthm 
 changed the theorem header of amsthm
(mdframed)              on input line 1305.


[42]
Package mdframed Info: mdframed detected package amsthm 
 changed the theorem header of amsthm
(mdframed)              on input line 1326.
LaTeX Info: Symbol \textasciiacute not provided by
            font family fnc in TS1 encoding.
            Default family used instead on input line 1327.
Package mdframed Info: mdframed detected package amsthm 
 changed the theorem header of amsthm
(mdframed)              on input line 1338.


[43{/usr/share/texmf/fonts/enc/dvips/cm-super/cm-super-ts1.enc}]
Package mdframed Info: mdframed detected package amsthm 
 changed the theorem header of amsthm
(mdframed)              on input line 1397.
Package mdframed Info: mdframed detected package amsthm 
 changed the theorem header of amsthm
(mdframed)              on input line 1426.
Package mdframed Info: mdframed detected package amsthm 
 changed the theorem header of amsthm
(mdframed)              on input line 1434.


[44]
Package mdframed Info: mdframed detected package amsthm 
 changed the theorem header of amsthm
(mdframed)              on input line 1456.
Package mdframed Info: mdframed detected package amsthm 
 changed the theorem header of amsthm
(mdframed)              on input line 1460.
Package mdframed Info: mdframed detected package amsthm 
 changed the theorem header of amsthm
(mdframed)              on input line 1466.
Package mdframed Info: mdframed detected package amsthm 
 changed the theorem header of amsthm
(mdframed)              on input line 1500.
Package mdframed Info: mdframed detected package amsthm 
 changed the theorem header of amsthm
(mdframed)              on input line 1504.
Package mdframed Info: mdframed detected package amsthm 
 changed the theorem header of amsthm
(mdframed)              on input line 1516.


[45]
Package mdframed Info: mdframed detected package amsthm 
 changed the theorem header of amsthm
(mdframed)              on input line 1546.
Package mdframed Info: mdframed detected package amsthm 
 changed the theorem header of amsthm
(mdframed)              on input line 1550.
Package mdframed Info: mdframed detected package amsthm 
 changed the theorem header of amsthm
(mdframed)              on input line 1554.


[46]
Package mdframed Info: mdframed detected package amsthm 
 changed the theorem header of amsthm
(mdframed)              on input line 1570.
LaTeX Info: Symbol \textasciiacute not provided by
            font family fnc in TS1 encoding.
            Default family used instead on input line 1575.
LaTeX Info: Symbol \textasciiacute not provided by
            font family fnc in TS1 encoding.
            Default family used instead on input line 1575.
Package mdframed Info: mdframed detected package amsthm 
 changed the theorem header of amsthm
(mdframed)              on input line 1584.
Package mdframed Info: mdframed detected package amsthm 
 changed the theorem header of amsthm
(mdframed)              on input line 1589.

Overfull \hbox (20.41101pt too wide) in paragraph at lines 1590--1592
[][]\T1/fnc/b/n/12 DÈfinition 2.15.1. []\T1/fnc/m/it/12 Soient $\T1/fnc/m/n/12 (\FML/fncmi/m/it/12 G; \FMS/fncm/m/n/12 ^^C\T1/fnc/m/n/12 )$ \T1/fnc/m/it/12 un groupe et $\FML/fncmi/m/it/12 X$ \T1/fnc/m/it/12 un en-semble. On dit que $\FMS/fncm/m/n/12 ^^A [] []  []$
 []

Package mdframed Info: mdframed detected package amsthm 
 changed the theorem header of amsthm
(mdframed)              on input line 1597.
Package mdframed Info: mdframed detected package amsthm 
 changed the theorem header of amsthm
(mdframed)              on input line 1605.


[47]
Package mdframed Info: mdframed detected package amsthm 
 changed the theorem header of amsthm
(mdframed)              on input line 1616.
Package mdframed Info: mdframed detected package amsthm 
 changed the theorem header of amsthm
(mdframed)              on input line 1624.
Package mdframed Info: mdframed detected package amsthm 
 changed the theorem header of amsthm
(mdframed)              on input line 1632.
Package mdframed Info: mdframed detected package amsthm 
 changed the theorem header of amsthm
(mdframed)              on input line 1640.
Package mdframed Info: mdframed detected package amsthm 
 changed the theorem header of amsthm
(mdframed)              on input line 1644.
Package mdframed Info: mdframed detected package amsthm 
 changed the theorem header of amsthm
(mdframed)              on input line 1655.


[48]
Package mdframed Info: mdframed detected package amsthm 
 changed the theorem header of amsthm
(mdframed)              on input line 1659.
Package mdframed Info: mdframed detected package amsthm 
 changed the theorem header of amsthm
(mdframed)              on input line 1691.
Package mdframed Info: Box was splittet wrong
 starting loop to iterate the splitting point
(mdframed)              on input line 1705.


[49]
Package mdframed Info: mdframed detected package amsthm 
 changed the theorem header of amsthm
(mdframed)              on input line 1707.
Package mdframed Info: mdframed detected package amsthm 
 changed the theorem header of amsthm
(mdframed)              on input line 1735.
Package mdframed Info: mdframed detected package amsthm 
 changed the theorem header of amsthm
(mdframed)              on input line 1745.
Package mdframed Info: mdframed detected package amsthm 
 changed the theorem header of amsthm
(mdframed)              on input line 1756.
Package mdframed Info: Not enough space on this page on input line 1775.


[50]
Package mdframed Info: Not enough space on this page on input line 1775.
Package mdframed Info: mdframed detected package amsthm 
 changed the theorem header of amsthm
(mdframed)              on input line 1783.


[51]
Package mdframed Info: mdframed detected package amsthm 
 changed the theorem header of amsthm
(mdframed)              on input line 1813.

Overfull \hbox (19.84883pt too wide) in paragraph at lines 1818--1820
[]\T1/fnc/m/n/12 Let $\FML/fncmi/m/it/12 z[]; [] ; z[]$ \T1/fnc/m/n/12 be a free set of ge-ne-ra-tors for $\FML/fncmi/m/it/12 F[]$\T1/fnc/m/n/12 . The quo-tient group $\FML/fncmi/m/it/12 F[]\T1/fnc/m/n/12 /[\FML/fncmi/m/it/12 F[]; F[]\T1/fnc/m/n/12 ]$
 []

Package mdframed Info: mdframed detected package amsthm 
 changed the theorem header of amsthm
(mdframed)              on input line 1830.

Overfull \hbox (56.53941pt too wide) in paragraph at lines 1835--1836
\T1/fnc/m/n/12 [\FML/fncmi/m/it/12 H; H\T1/fnc/m/n/12 ]$ be-cause each com-mu-ta-tor $\FML/fncmi/m/it/12 xyx[]y[]$ \T1/fnc/m/n/12 in $\FML/fncmi/m/it/12 G$ \T1/fnc/m/n/12 cor-res-ponds to the com-mu-ta-tor $\FML/fncmi/m/it/12 '\T1/fnc/m/n/12 (\FML/fncmi/m/it/12 x\T1/fnc/m/n/12 )\FML/fncmi/m/it/12 '\T1/fnc/m/n/12 (\FML/fncmi/m/it/12 y\T1/fnc/m/n/12 )\FML/fncmi/m/it/12 '\T1/fnc/m/n/12 (\FML/fncmi/m/it/12 x\T1/fnc/m/n/12 )[]\FML/fncmi/m/it/12 '\T1/fnc/m/n/12 (\FML/fncmi/m/it/12 y\T1/fnc/m/n/12 )[]$
 []

Package mdframed Info: mdframed detected package amsthm 
 changed the theorem header of amsthm
(mdframed)              on input line 1843.


[52]
Package mdframed Info: Not enough space on this page on input line 1857.
Package mdframed Info: mdframed detected package amsthm 
 changed the theorem header of amsthm
(mdframed)              on input line 1863.
Package mdframed Info: mdframed detected package amsthm 
 changed the theorem header of amsthm
(mdframed)              on input line 1876.


[53])

[54]
\openout2 = `Chapitres/anneaux.aux'.

 (./Chapitres/anneaux.tex
Chapitre 3.
Package mdframed Info: mdframed detected package amsthm 
 changed the theorem header of amsthm
(mdframed)              on input line 5.
Package mdframed Info: mdframed detected package amsthm 
 changed the theorem header of amsthm
(mdframed)              on input line 19.
Package mdframed Info: mdframed detected package amsthm 
 changed the theorem header of amsthm
(mdframed)              on input line 31.
Package mdframed Info: mdframed detected package amsthm 
 changed the theorem header of amsthm
(mdframed)              on input line 46.


[55




]
Package mdframed Info: mdframed detected package amsthm 
 changed the theorem header of amsthm
(mdframed)              on input line 56.
Package mdframed Info: mdframed detected package amsthm 
 changed the theorem header of amsthm
(mdframed)              on input line 60.
Package mdframed Info: mdframed detected package amsthm 
 changed the theorem header of amsthm
(mdframed)              on input line 93.


[56]
Package mdframed Info: mdframed detected package amsthm 
 changed the theorem header of amsthm
(mdframed)              on input line 109.
Package mdframed Info: mdframed detected package amsthm 
 changed the theorem header of amsthm
(mdframed)              on input line 144.
Package mdframed Info: mdframed detected package amsthm 
 changed the theorem header of amsthm
(mdframed)              on input line 152.


[57]
Package mdframed Info: mdframed detected package amsthm 
 changed the theorem header of amsthm
(mdframed)              on input line 199.
Package mdframed Info: mdframed detected package amsthm 
 changed the theorem header of amsthm
(mdframed)              on input line 203.


[58]
Package mdframed Info: mdframed detected package amsthm 
 changed the theorem header of amsthm
(mdframed)              on input line 222.
Package mdframed Info: mdframed detected package amsthm 
 changed the theorem header of amsthm
(mdframed)              on input line 228.
Package mdframed Info: mdframed detected package amsthm 
 changed the theorem header of amsthm
(mdframed)              on input line 236.
Package mdframed Info: mdframed detected package amsthm 
 changed the theorem header of amsthm
(mdframed)              on input line 236.
Package mdframed Info: mdframed inside a box 
 mdframed uses option nobreak mdframed on input line 242.


Package mdframed Warning: You got a bad break
(mdframed)                because the last box will be empty
(mdframed)                you have to change it manually
(mdframed)                by changing the text, the space
(mdframed)                or something else on input line 243.

Package mdframed Info: You first box width is to small
 mdframed fixed it
(mdframed)              on input line 243.


[59]

Package mdframed Warning: You got a bad break
(mdframed)                because the last split box is empty
(mdframed)                You have to change the settings on input line 243.

Package mdframed Info: mdframed detected package amsthm 
 changed the theorem header of amsthm
(mdframed)              on input line 245.
Package mdframed Info: mdframed detected package amsthm 
 changed the theorem header of amsthm
(mdframed)              on input line 249.
Package mdframed Info: mdframed detected package amsthm 
 changed the theorem header of amsthm
(mdframed)              on input line 256.
Package mdframed Info: mdframed detected package amsthm 
 changed the theorem header of amsthm
(mdframed)              on input line 265.
Package mdframed Info: mdframed detected package amsthm 
 changed the theorem header of amsthm
(mdframed)              on input line 274.

Underfull \hbox (badness 10000) in paragraph at lines 281--282

 []

Package mdframed Info: mdframed detected package amsthm 
 changed the theorem header of amsthm
(mdframed)              on input line 286.


[60]
Package mdframed Info: mdframed detected package amsthm 
 changed the theorem header of amsthm
(mdframed)              on input line 299.
Package mdframed Info: mdframed detected package amsthm 
 changed the theorem header of amsthm
(mdframed)              on input line 305.
Package mdframed Info: mdframed detected package amsthm 
 changed the theorem header of amsthm
(mdframed)              on input line 316.
Package mdframed Info: mdframed detected package amsthm 
 changed the theorem header of amsthm
(mdframed)              on input line 320.


[61]
Package mdframed Info: mdframed detected package amsthm 
 changed the theorem header of amsthm
(mdframed)              on input line 358.
Package mdframed Info: mdframed detected package amsthm 
 changed the theorem header of amsthm
(mdframed)              on input line 365.
Package mdframed Info: mdframed detected package amsthm 
 changed the theorem header of amsthm
(mdframed)              on input line 380.
Package mdframed Info: mdframed detected package amsthm 
 changed the theorem header of amsthm
(mdframed)              on input line 385.

Overfull \hbox (30.77765pt too wide) in paragraph at lines 395--396
[]\T1/fnc/m/n/12 Soient $\FML/fncmi/m/it/12 a[]; a[]; [] ; a[]$ \T1/fnc/m/n/12 des ÈlÈ-ments dis-tincts de $\FML/fncmi/m/it/12 A$ \T1/fnc/m/n/12 ; dans le cas par-ti-cu-lier o˘ $\FML/fncmi/m/it/12 P \FMS/fncm/m/n/12 Å f\FML/fncmi/m/it/12 a[]; a[]; [] ; a[]\FMS/fncm/m/n/12 g$\T1/fnc/m/n/12 ,
 []



[62]
Package mdframed Info: mdframed detected package amsthm 
 changed the theorem header of amsthm
(mdframed)              on input line 405.
Package mdframed Info: mdframed detected package amsthm 
 changed the theorem header of amsthm
(mdframed)              on input line 412.
Package mdframed Info: mdframed detected package amsthm 
 changed the theorem header of amsthm
(mdframed)              on input line 416.
Package mdframed Info: mdframed detected package amsthm 
 changed the theorem header of amsthm
(mdframed)              on input line 420.
Package mdframed Info: mdframed detected package amsthm 
 changed the theorem header of amsthm
(mdframed)              on input line 432.


[63]
Package mdframed Info: mdframed detected package amsthm 
 changed the theorem header of amsthm
(mdframed)              on input line 454.
Package mdframed Info: mdframed detected package amsthm 
 changed the theorem header of amsthm
(mdframed)              on input line 478.


[64]
Package mdframed Info: mdframed detected package amsthm 
 changed the theorem header of amsthm
(mdframed)              on input line 535.
Package mdframed Info: mdframed detected package amsthm 
 changed the theorem header of amsthm
(mdframed)              on input line 539.
Package mdframed Info: mdframed detected package amsthm 
 changed the theorem header of amsthm
(mdframed)              on input line 547.


[65]
Package mdframed Info: mdframed detected package amsthm 
 changed the theorem header of amsthm
(mdframed)              on input line 563.
Package mdframed Info: mdframed detected package amsthm 
 changed the theorem header of amsthm
(mdframed)              on input line 570.
)

[66]
\openout2 = `Chapitres/polynomes.aux'.

 (./Chapitres/polynomes.tex
Chapitre 4.
Package mdframed Info: mdframed detected package amsthm 
 changed the theorem header of amsthm
(mdframed)              on input line 40.
Package mdframed Info: mdframed detected package amsthm 
 changed the theorem header of amsthm
(mdframed)              on input line 50.


[67




]
Package mdframed Info: mdframed detected package amsthm 
 changed the theorem header of amsthm
(mdframed)              on input line 76.
Package mdframed Info: mdframed detected package amsthm 
 changed the theorem header of amsthm
(mdframed)              on input line 87.
Package mdframed Info: mdframed detected package amsthm 
 changed the theorem header of amsthm
(mdframed)              on input line 91.
Package mdframed Info: mdframed detected package amsthm 
 changed the theorem header of amsthm
(mdframed)              on input line 103.
Package mdframed Info: mdframed detected package amsthm 
 changed the theorem header of amsthm
(mdframed)              on input line 113.


[68]
Package mdframed Info: mdframed detected package amsthm 
 changed the theorem header of amsthm
(mdframed)              on input line 123.
Package mdframed Info: mdframed detected package amsthm 
 changed the theorem header of amsthm
(mdframed)              on input line 127.
Package mdframed Info: mdframed detected package amsthm 
 changed the theorem header of amsthm
(mdframed)              on input line 133.
Package mdframed Info: mdframed detected package amsthm 
 changed the theorem header of amsthm
(mdframed)              on input line 137.
Package mdframed Info: mdframed detected package amsthm 
 changed the theorem header of amsthm
(mdframed)              on input line 144.
Package mdframed Info: mdframed detected package amsthm 
 changed the theorem header of amsthm
(mdframed)              on input line 151.
Package mdframed Info: mdframed detected package amsthm 
 changed the theorem header of amsthm
(mdframed)              on input line 155.
Package mdframed Info: mdframed detected package amsthm 
 changed the theorem header of amsthm
(mdframed)              on input line 165.


[69]
Package mdframed Info: mdframed detected package amsthm 
 changed the theorem header of amsthm
(mdframed)              on input line 189.


[70]
Package mdframed Info: mdframed detected package amsthm 
 changed the theorem header of amsthm
(mdframed)              on input line 218.
Package mdframed Info: mdframed detected package amsthm 
 changed the theorem header of amsthm
(mdframed)              on input line 236.
Package mdframed Info: mdframed detected package amsthm 
 changed the theorem header of amsthm
(mdframed)              on input line 256.


[71]
Package mdframed Info: mdframed detected package amsthm 
 changed the theorem header of amsthm
(mdframed)              on input line 264.
Package mdframed Info: mdframed detected package amsthm 
 changed the theorem header of amsthm
(mdframed)              on input line 280.
Package mdframed Info: mdframed detected package amsthm 
 changed the theorem header of amsthm
(mdframed)              on input line 289.
Package mdframed Info: mdframed detected package amsthm 
 changed the theorem header of amsthm
(mdframed)              on input line 301.


[72]
Package mdframed Info: mdframed detected package amsthm 
 changed the theorem header of amsthm
(mdframed)              on input line 319.

Overfull \hbox (16.90347pt too wide) in paragraph at lines 331--332
\T1/fnc/m/n/12 mun de $\FML/fncmi/m/it/12 a[]; [] ; a[]$\T1/fnc/m/n/12 . Le po-ly-nÙme $\FML/fncmi/m/it/12 df$ \T1/fnc/m/n/12 pos-sËde donc des co-ef-fi-cients en-tiers, ‡ sa-voir $\FML/fncmi/m/it/12 da[]; [] ; da[]$\T1/fnc/m/n/12 .
 []

Package mdframed Info: mdframed detected package amsthm 
 changed the theorem header of amsthm
(mdframed)              on input line 340.
Package mdframed Info: mdframed detected package amsthm 
 changed the theorem header of amsthm
(mdframed)              on input line 365.


[73]
Package mdframed Info: mdframed detected package amsthm 
 changed the theorem header of amsthm
(mdframed)              on input line 379.
Package mdframed Info: mdframed detected package amsthm 
 changed the theorem header of amsthm
(mdframed)              on input line 408.
Package mdframed Info: mdframed detected package amsthm 
 changed the theorem header of amsthm
(mdframed)              on input line 412.
Package mdframed Info: Not enough space on this page on input line 414.


[74]
Package mdframed Info: Not enough space on this page on input line 414.
)

[75]
\openout2 = `Chapitres/corps.aux'.

 (./Chapitres/corps.tex
Chapitre 5.
Package mdframed Info: mdframed detected package amsthm 
 changed the theorem header of amsthm
(mdframed)              on input line 11.
Package mdframed Info: mdframed detected package amsthm 
 changed the theorem header of amsthm
(mdframed)              on input line 15.
Package mdframed Info: mdframed detected package amsthm 
 changed the theorem header of amsthm
(mdframed)              on input line 23.
Package mdframed Info: mdframed detected package amsthm 
 changed the theorem header of amsthm
(mdframed)              on input line 27.


[76




]
Overfull \hbox (4.00555pt too wide) in paragraph at lines 40--42
\T1/fnc/m/n/12 est un mor-phisme d'an-neau in-jec-tif. Comme $\FML/fncmi/m/it/12 F$ \T1/fnc/m/n/12 est un corps, il est in-tËgre, et donc $\U/futm/m/n/12 Z\T1/fnc/m/n/12 / [](\FML/fncmi/m/it/12 ^^W[]\T1/fnc/m/n/12 )$
 []

Package mdframed Info: mdframed detected package amsthm 
 changed the theorem header of amsthm
(mdframed)              on input line 52.
Package mdframed Info: mdframed detected package amsthm 
 changed the theorem header of amsthm
(mdframed)              on input line 60.
Package mdframed Info: mdframed detected package amsthm 
 changed the theorem header of amsthm
(mdframed)              on input line 64.
)

[77]
\openout2 = `Chapitres/categorie.aux'.

 (./Chapitres/categorie.tex
Chapitre 6.
Package mdframed Info: mdframed detected package amsthm 
 changed the theorem header of amsthm
(mdframed)              on input line 5.
)

[78




] (out/main.aux (out/Chapitres/introduction.aux) (out/Chapitres/groupes.aux) (out/Chapitres/anneaux.aux) (out/Chapitres/polynomes.aux) (out/Chapitres/corps.aux) (out/Chapitres/categorie.aux))
 ***********
LaTeX2e <2024-11-01> patch level 2
L3 programming layer <2025-01-18>
 ***********
Package rerunfilecheck Info: File `main.out' has not changed.
(rerunfilecheck)             Checksum: 2A1195162ADD55218EBB1FF63F1221E9;11065.
 ) 
Here is how much of TeX's memory you used:
 30939 strings out of 473197
 596930 string characters out of 5718605
 990657 words of memory out of 5000000
 53073 multiletter control sequences out of 15000+600000
 656678 words of font info for 194 fonts, out of 8000000 for 9000
 1141 hyphenation exceptions out of 8191
 89i,17n,100p,1358b,1318s stack positions out of 10000i,1000n,20000p,200000b,200000s
</usr/share/texlive/texmf-dist/fonts/type1/public/amsfonts/cm/cmsy10.pfb></usr/share/texlive/texmf-dist/fonts/type1/public/amsfonts/cm/cmsy9.pfb></usr/share/texlive/texmf-dist/fonts/type1/public/amsfonts/euler/eufm10.pfb></usr/share/texlive/texmf-dist/fonts/type1/public/fourier/fourier-bb.pfb></usr/share/texlive/texmf-dist/fonts/type1/public/fourier/fourier-mex.pfb></usr/share/texlive/texmf-dist/fonts/type1/public/fourier/fourier-ml.pfb></usr/share/texlive/texmf-dist/fonts/type1/public/fourier/fourier-mlit.pfb></usr/share/texlive/texmf-dist/fonts/type1/public/fourier/fourier-ms.pfb></usr/share/texlive/texmf-dist/fonts/type1/public/amsfonts/symbols/msam10.pfb></usr/share/texlive/texmf-dist/fonts/type1/public/amsfonts/symbols/msbm10.pfb></usr/share/texlive/texmf-dist/fonts/type1/public/rsfs/rsfs10.pfb></usr/share/texmf/fonts/type1/public/cm-super/sfrm1200.pfb></usr/share/texlive/texmf-dist/fonts/type1/urw/ncntrsbk/uncb8a.pfb></usr/share/texlive/texmf-dist/fonts/type1/urw/ncntrsbk/uncbi8a.pfb></usr/share/texlive/texmf-dist/fonts/type1/urw/ncntrsbk/uncr8a.pfb></usr/share/texlive/texmf-dist/fonts/type1/urw/ncntrsbk/uncri8a.pfb>
Output written on out/main.pdf (79 pages, 456566 bytes).
PDF statistics:
 1194 PDF objects out of 1200 (max. 8388607)
 1068 compressed objects within 11 object streams
 490 named destinations out of 1000 (max. 500000)
 498 words of extra memory for PDF output out of 10000 (max. 10000000)

